/*
 Navicat Premium Data Transfer

 Source Server         : mysql
 Source Server Type    : MySQL
 Source Server Version : 80029
 Source Host           : localhost:3306
 Source Schema         : bookstore

 Target Server Type    : MySQL
 Target Server Version : 80029
 File Encoding         : 65001

 Date: 06/06/2022 08:32:19
*/

SET NAMES utf8mb4;
SET FOREIGN_KEY_CHECKS = 0;

-- ----------------------------
-- Table structure for book
-- ----------------------------
DROP TABLE IF EXISTS `book`;
CREATE TABLE `book`  (
  `id` bigint NOT NULL COMMENT '唯一标识符',
  `category_id` bigint NOT NULL COMMENT '分类id',
  `name` varchar(255) CHARACTER SET utf8 COLLATE utf8_general_ci NOT NULL COMMENT '图书名',
  `author` varchar(255) CHARACTER SET utf8 COLLATE utf8_general_ci NULL DEFAULT NULL COMMENT '作者名',
  `publisher` varchar(255) CHARACTER SET utf8 COLLATE utf8_general_ci NULL DEFAULT NULL COMMENT '出版社',
  `price` double NOT NULL COMMENT '价格',
  `image_name` varchar(255) CHARACTER SET utf8 COLLATE utf8_general_ci NULL DEFAULT NULL COMMENT '图片路径',
  `description` text CHARACTER SET utf8 COLLATE utf8_general_ci NULL COMMENT '描述',
  `create_time` datetime NULL DEFAULT NULL COMMENT '创建时间',
  `update_time` datetime NULL DEFAULT NULL COMMENT '更新时间',
  `status` int NOT NULL DEFAULT 1 COMMENT '图书状态 1正常 0禁止销售',
  `is_deleted` int NOT NULL DEFAULT 0 COMMENT '逻辑删除字段 1删除 0未删除(默认)',
  PRIMARY KEY (`id`) USING BTREE,
  INDEX `FK_Reference_4`(`category_id` ASC) USING BTREE,
  CONSTRAINT `FK_Reference_4` FOREIGN KEY (`category_id`) REFERENCES `category` (`id`) ON DELETE RESTRICT ON UPDATE RESTRICT
) ENGINE = InnoDB CHARACTER SET = utf8 COLLATE = utf8_general_ci ROW_FORMAT = DYNAMIC;

-- ----------------------------
-- Records of book
-- ----------------------------
INSERT INTO `book` VALUES (1521444078126831767, 1521444078676357121, '果麦经典：了凡四训（“我命由我不由天！”曾国藩、胡适、稻盛和夫推崇的生活方式手册；费勇教授精美译文）', '袁了凡', '三秦出版社', 73.1, '//img3m9.ddimg.cn/10/24/25157989-1_w_8.jpg', '命由我作，福自己求。胡适，稻盛和夫提倡阅读的生活方式手册。《金刚经修心课》作者费勇教授精美译文。袁了凡毕生感悟和盘托出，毫无保留。贯通儒释道，渊博而浅易的国学典籍。 果麦出品', '2022-05-07 10:35:32', '2022-05-07 10:35:32', 1, 0);
INSERT INTO `book` VALUES (1521444078127483231, 1521444078676357121, '禅与摩托车维修艺术（珍藏版）', '罗伯特·M.波西格', '重庆出版社', 54.9, '//img3m4.ddimg.cn/53/10/25313264-1_w_9.jpg', '罗振宇《阅读的方法》推荐好书，被作为天天向上王一博的礼物，全新增补校译礼盒装 附赠六十页精美别册 一本被书名耽误的好书 斯蒂芬·霍金&奥尔罕·帕慕克&胡歌鼎力推荐', '2022-05-07 10:35:34', '2022-05-07 10:35:34', 1, 0);
INSERT INTO `book` VALUES (1521444078153603250, 1521444078676357121, '新世界:灵性的觉醒(全球销量700万册，《遇见未知的自己》作者张德芬译作)', '艾克哈特.托尔', '南方出版社', 22.2, '//img3m8.ddimg.cn/94/26/20309548-1_w_1.jpg', '', '2022-05-07 10:35:33', '2022-05-07 10:35:33', 1, 0);
INSERT INTO `book` VALUES (1521444078173864823, 1521444078676357121, '存在主义咖啡馆——自由、存在和杏子鸡尾酒', '莎拉·贝克韦尔', '北京联合出版有限公司', 80.6, '//img3m4.ddimg.cn/81/33/25198254-1_w_3.jpg', '未读·思想家|入选豆瓣2018年度读书榜单。《纽约时报》等媒体年度畅销书 / 已卖出近二十种语言版权/ 端起一杯鸡尾酒，聊聊存在与自由 / 海德格尔、萨特、波伏娃、加缪、阿伦特、默多克等思想巨匠轮番登', '2022-05-07 10:35:35', '2022-05-07 10:35:35', 1, 0);
INSERT INTO `book` VALUES (1521444078178553564, 1521444078676357121, '存在与时间（陈嘉映教授译，商务印书馆汉译名著权威全译本，精装典藏版）', '海德格尔', '商务印书馆', 84.3, '//img3m0.ddimg.cn/40/7/28990210-1_w_6.jpg', '历经几次修改完善，当代著名哲学家陈嘉映、王庆节精心打磨。哲学家海德格尔代表作、成名作。基本思想——存在就是时间，此书的主要任务在于追问并解答两千年西方哲学史上遗忘了的根本问题——“存在”问题。', '2022-05-07 10:35:33', '2022-05-07 10:35:33', 1, 0);
INSERT INTO `book` VALUES (1521444078215761303, 1521444078676357121, '作家榜经典：叔本华人生的智慧（叔本华哲学经典，自我提升常备！全新精装珍藏版！暨南大学博导作序推荐版本！）', '阿图尔·叔本华', '中信出版社', 42, '//img3m8.ddimg.cn/48/10/26516208-1_w_63.jpg', '智慧哲学家叔本华：“本书尽量从世俗、实用的角度考虑问题！人生的智慧就是你如何尽量幸福、愉快度过一生的艺术！”此译本荣获31911条真实口碑热评！读经典名著，认准作家榜！拒绝山寨！', '2022-05-07 10:35:34', '2022-05-07 10:35:34', 1, 0);
INSERT INTO `book` VALUES (1521444078216750661, 1521444078676357121, '张其成讲易经（张萌、张晓龙、李玲玉诚挚推荐。易学名家四十年精研易理，写给大众的易经入门书。趋吉避凶，知运改命）', '张其成', '天地出版社', 80.6, '//img3m5.ddimg.cn/89/3/29117375-1_w_12.jpg', '正本清源，六十四卦逐一讲解，去神秘化。得失吉凶结合日常生活，破解人生困局，解决当下种种困惑迷思。喜马拉雅同名音频超3000万播放量，45万人都在追的爆款课程', '2022-05-07 10:35:33', '2022-05-07 10:35:33', 1, 0);
INSERT INTO `book` VALUES (1521444078266062408, 1521444078676357121, '思想实验：当哲学遇见科学', '乔尔·利维', '化学工业出版社', 33.9, '//img3m6.ddimg.cn/36/35/26919126-1_w_5.jpg', '房琪kiki樊登直播强力推荐！一系列现实中看起来无法完成、颠覆你思想的大脑实验；一部突破你思维极限、改变你思维角度、增加你思维维度、拓展你思维深度和广度的趣味读本。', '2022-05-07 10:35:33', '2022-05-07 10:35:33', 1, 0);
INSERT INTO `book` VALUES (1521444078325135071, 1521444078676357121, '资本论（全三册）', '马克思', '上海三联书店', 127.8, '//img3m4.ddimg.cn/0/26/20535174-1_w_6.jpg', '郭大力、王亚南权威译本，读过并做重要批示，1938年中文全译本重新再版', '2022-05-07 10:35:34', '2022-05-07 10:35:34', 1, 0);
INSERT INTO `book` VALUES (1521444078381548011, 1521444078676357121, '工作的意义', '提摩太', '上海三联书店', 28.5, '//img3m0.ddimg.cn/76/11/24057670-1_w_7.jpg', '', '2022-05-07 10:35:34', '2022-05-07 10:35:34', 1, 0);
INSERT INTO `book` VALUES (1521444078451035127, 1521444078676357121, '如何阅读哲学家：十堂课读懂哲学大师 （套装4册）', '约翰·D.卡普托', '北京联合出版有限公司', 167.6, '//img3m0.ddimg.cn/41/14/29318000-1_w_3.jpg', '十堂课读懂大师思想 让哲学不再令人生畏 英国格兰塔出版社畅销书系', '2022-05-07 10:35:33', '2022-05-07 10:35:33', 1, 0);
INSERT INTO `book` VALUES (1521444078451857042, 1521444078676357121, '新教伦理与资本主义精神：精装典藏版 思想家书系', '马克斯·韦伯', '作家出版社', 25.3, '//img3m0.ddimg.cn/81/25/25064010-1_w_7.jpg', '精装典藏版 思想家书系 马克斯韦伯社会学奠基之作 影响世界的20本学术书之一 社科院委员张炯作序推荐 著名哲学家邓晓芒领衔高端顾问团', '2022-05-07 10:35:35', '2022-05-07 10:35:35', 1, 0);
INSERT INTO `book` VALUES (1521444078453755574, 1521444078676357121, '金刚经说什么', '南怀瑾', '东方出版社', 33.8, '//img3m8.ddimg.cn/19/17/27878518-1_w_4.jpg', '南师说《金刚经》的伟大与平凡！畅销数十年不衰，南怀瑾先生合法著作权人签约授权，南先生亲加审阅的定本，典藏！', '2022-05-07 10:35:34', '2022-05-07 10:35:34', 1, 0);
INSERT INTO `book` VALUES (1521444078521701347, 1521444078676357121, '加缪手记 精装版', '阿尔贝', '浙江大学出版社', 113.7, '//img3m5.ddimg.cn/38/4/28469765-1_w_3.jpg', '', '2022-05-07 10:35:34', '2022-05-07 10:35:34', 1, 0);
INSERT INTO `book` VALUES (1521444078521744832, 1521444078676357121, '长短经（全注全译全三册）', '赵蕤', '中国书店出版社', 73, '//img3m5.ddimg.cn/35/19/23050205-1_w_8.jpg', '商场、官场、职场之谋略经典，以历史为框架，以谋略为纲，权威可信，乾隆、南怀瑾等一致推荐！简体横排，以南宋净戒禅院刊本为底本，全本、全注、全译，扫清阅读障碍', '2022-05-07 10:35:32', '2022-05-07 10:35:32', 1, 0);
INSERT INTO `book` VALUES (1521444078545670564, 1521444078676357121, '论语译注（简体精装本）', '杨伯峻', '中华书局', 32.9, '//img3m3.ddimg.cn/7/21/26436373-1_w_2.jpg', '中华书局出版。', '2022-05-07 10:35:32', '2022-05-07 10:35:32', 1, 0);
INSERT INTO `book` VALUES (1521444078585382268, 1521444078676357121, '见识城邦·透过佛法看世界：给寻找答案的人', '希阿荣博堪布', '中信出版社', 26.3, '//img3m7.ddimg.cn/65/28/23531177-1_w_7.jpg', '精神导师希阿荣博堪布2014年新作，献给寻找答案的人——《透过佛法看世界》，一百八十个问题，解答你的人生困惑。透过佛法，与更好的自己相遇。', '2022-05-07 10:35:35', '2022-05-07 10:35:35', 1, 0);
INSERT INTO `book` VALUES (1521444078615881222, 1521444078676357121, '理想国（商务印书馆汉译名著权威全译本，精装典藏版）', '柏拉图', '商务印书馆', 65.2, '//img3m8.ddimg.cn/49/13/28989328-1_w_4.jpg', '由郭斌和、张竹明合作的希腊原文直译本, 具高度准确性。柏拉图代表作，《理想国》是柏拉图的一篇重要对话录，涉及柏拉图思想体系的各个方面，包括哲学、伦理、教育、文艺、政治等内容。', '2022-05-07 10:35:34', '2022-05-07 10:35:34', 1, 0);
INSERT INTO `book` VALUES (1521444078654743383, 1521444078676357121, '哲学家们都干了些什么（一部既严谨又不严肃的哲学史）', '林欣浩', '北京联合出版公司', 52, '//img3m4.ddimg.cn/27/1/23702904-1_w_8.jpg', '（严谨又不严肃的哲学史，轰动豆瓣的奇葩之书，用穷凶极恶的吐槽和喜闻乐见的八卦，瓦解你对哲学史的成见！）读客熊猫君出品', '2022-05-07 10:35:34', '2022-05-07 10:35:34', 1, 0);
INSERT INTO `book` VALUES (1521444078662514641, 1521444078676357121, '诗人哲学家——从帕斯卡尔到马尔库塞', '周国平', '上海人民出版社', 63.8, '//img3m2.ddimg.cn/52/1/28992202-1_w_3.jpg', '周国平主编，刘东杜小真等12位名家导读，影响一代人的经典， *典藏版', '2022-05-07 10:35:32', '2022-05-07 10:35:32', 1, 0);
INSERT INTO `book` VALUES (1521444078814775026, 1521444078676357121, '曲直：笛卡尔《沉思集》深度解析与启示', '高鹏', '北京时代华文书局', 77.4, '//img3m0.ddimg.cn/94/25/29294590-1_w_9.jpg', '清华大学博士、知名投资人、央视、山西卫视等多个栏目嘉宾导师高鹏，深度解读西方经典，采取中、英、法文对照的翻译方法对《沉思集》进行重新校对和整理，并附法文版和英文翻译版。', '2022-05-07 10:35:33', '2022-05-07 10:35:33', 1, 0);
INSERT INTO `book` VALUES (1521453234003825764, 1521453234854567777, '想念地坛（精装插图典藏版）', '史铁生', '天地出版社', 51.9, '//img3m7.ddimg.cn/74/4/29360207-1_w_12.jpg', '如果觉得人生太难，就读一读史铁生。精装双封面，内含16张精美手绘插图。', '2022-05-07 10:36:02', '2022-05-07 10:36:02', 1, 0);
INSERT INTO `book` VALUES (1521453234008357857, 1521453234854567937, '复盘+：把经验转化为能力（第3版）', '邱昭良', '机械工业出版社', 35.4, '//img3m0.ddimg.cn/1/12/25329250-1_w_17.jpg', '谷歌、美军、英国石油公司、联想、万达、阿里巴巴等都在使用的高效学习法，VUCA时代个人与团队敏捷成长、知识萃取与快速创新的实操指南。李维安、白长虹、董小英、肖知兴、孙陶然、李兰、马永武、付伟等联袂推荐', '2022-05-07 10:37:18', '2022-05-07 10:37:18', 1, 0);
INSERT INTO `book` VALUES (1521453234010244706, 1521453234854562367, '中国书法之美 篆隶楷行草全五卷 三千年中华书法史 颜柳王欧孤绝墨宝一套尽纳 高清大图 分类鉴赏临习', '唐翼明', '广东教育出版社', 370.5, '//img3m9.ddimg.cn/68/31/29366339-1_w_10.jpg', '60传世碑帖，6年精编细作，5种传统书体，36位名腕主编撰稿；技法、审美、精神，点画、形神、意韵，一对一详解。日本二玄社供图，真迹精细还原，知识性、艺术性，宜赏宜摹宜藏 中式生活新风尚 高高国际出品', '2022-05-07 10:37:38', '2022-05-07 10:37:38', 1, 0);
INSERT INTO `book` VALUES (1521453234014171788, 1521453234854567896, '哲人石丛书珍藏版08·大流感：最致命瘟疫的史诗（比尔·盖茨推荐！张文宏医生、！）', '约翰·M·巴里', '上海科技教育出版社', 90.2, '//img3m0.ddimg.cn/70/31/25340110-1_w_8.jpg', '美国科学院年度医学类图书，时代楷模钟扬领衔译著！重温1918大流感历史教训，反思现代社会传染病应对之策，如果新一轮疫情必不可免，我们是否做好了准备？世卫组织前副总干事胡庆澧、著名流行病学家俞顺章推荐！', '2022-05-07 10:36:55', '2022-05-07 10:36:55', 1, 0);
INSERT INTO `book` VALUES (1521453234016165084, 1521453234854567999, '成年人的世界没有容易二字（专治“怕、不甘心、难”，助你早日丧尽天晴。百万畅销书作家老杨的猫头鹰新作）', '老杨的猫头鹰', '江苏凤凰文艺出版社', 45, '//img3m4.ddimg.cn/23/6/29335604-1_w_7.jpg', '毒到人间清醒，字字对症下药；脱口秀式表达，真的能笑出声。25个有共鸣的故事，送给不想长大的成年人和刚刚过期的小朋友。涵盖青春、成长、情感、职场等。及时止损、停止内耗，把鸡毛蒜皮过成风和日丽。果麦出品', '2022-05-07 10:11:06', '2022-05-07 10:11:06', 1, 0);
INSERT INTO `book` VALUES (1521453234020385104, 1521453234854567937, '赢(尊享版)（团购，请致电400-106-6666转6）', '杰克·韦尔奇', '中信出版社', 41.8, '//img3m7.ddimg.cn/1/3/25070167-1_w_3.jpg', '管理大师杰克·韦尔奇经典作品，巴菲特、比尔·盖茨联袂推荐，互联网时代的商业指导书', '2022-05-07 10:37:20', '2022-05-07 10:37:20', 1, 0);
INSERT INTO `book` VALUES (1521453234021278644, 1521453234854567999, '刘墉青春修炼手册（全5册）', '刘墉', '接力出版社', 174.7, '//img3m5.ddimg.cn/62/18/29280005-1_w_12.jpg', '当当专享“撕除烦恼”刘墉签章信，完整记录两个名校孩子的青春成长之路；每册超过30个走心醒脑的青春话题和实用妙招，直击成长痛点。', '2022-05-07 10:11:03', '2022-05-07 10:11:03', 1, 0);
INSERT INTO `book` VALUES (1521453234021753808, 1521453234854564569, '阿瑟·克拉克科幻短篇全集：爱这个宇宙（全3册）（《三体》作者刘慈欣、特德·姜的偶像，科幻三巨头重磅作品，读客科幻文库）', '阿瑟.克拉克', '文汇出版社', 198, '//img3m7.ddimg.cn/6/15/29218767-1_w_19.jpg', '刘慈欣盛赞：“我所有作品都是对阿瑟·克拉克的拙劣模仿！”全3册收录阿瑟·克拉克104个经典短篇，赠送十二星座书签12枚。像克拉克一样凝视宇宙，直面人类的渺小与伟大。读客熊猫君出品', '2022-05-07 10:34:06', '2022-05-07 10:34:06', 1, 0);
INSERT INTO `book` VALUES (1521453234023436863, 1521453234854567888, '复杂世界的明白人（在变局时代，看清努力方向！）', '九边', '北京联合出版有限公司', 41.7, '//img3m6.ddimg.cn/97/21/29343796-1_w_15.jpg', '全网千万粉丝自媒体大V九边全新力作！一本变局时代的个人破局指南。帮你打造个人破局“快速通道”，集中解决低效努力的种种痛点。助你在“变化涌动”的大环境中，提前看到趋势，汇集变量。', '2022-05-07 10:36:30', '2022-05-07 10:36:30', 1, 0);
INSERT INTO `book` VALUES (1521453234035578224, 1521453234854567937, '从总账到总监：CFO的财务笔记', '钱自严', '北京联合出版有限公司', 65.2, '//img3m9.ddimg.cn/14/33/29177789-1_w_8.jpg', '跨国公司首席财务官、浙江大学客座教授手把手带你训练实操作业，塑造财务思维，规划职业道路，打通上升通道', '2022-05-07 10:37:19', '2022-05-07 10:37:19', 1, 0);
INSERT INTO `book` VALUES (1521453234044846863, 1521453234854567888, '蔡康永的说话之道套装 全2册（当当亲笔签名版，蔡康永2020年亲自修订升级版）', '蔡康永', '湖南文艺出版社', 85.8, '//img3m4.ddimg.cn/44/28/28984274-1_w_9.jpg', '热销500万册的国民阅读经典！蔡康永代表作！', '2022-05-07 10:36:28', '2022-05-07 10:36:28', 1, 0);
INSERT INTO `book` VALUES (1521453234046724448, 1521453234854567999, '拆掉思维里的墙（白金升级版）', '古典', '中信出版社', 44.2, '//img3m5.ddimg.cn/38/14/29315225-1_w_18.jpg', '【樊登、俞敏洪、张德芬、傅盛、彭凯平、史欣悦推荐】 “个人跃迁三部曲” 重磅启航 思维可拆墙，人生能跃迁！', '2022-05-07 10:11:06', '2022-05-07 10:11:06', 1, 0);
INSERT INTO `book` VALUES (1521453234051717237, 1521453234854564569, '克莱因壶（“噩梦体质”日本虚拟现实神作）', '冈岛二人', '化学工业出版社', 40.9, '//img3m2.ddimg.cn/38/36/27933482-1_w_19.jpg', '入围豆瓣图书Top200，豆瓣热门日系推理图书NO.6！日本虚拟现实VR题材开山神作！什么时候，你开始怀疑这个世界是假的？', '2022-05-07 10:34:09', '2022-05-07 10:34:09', 1, 0);
INSERT INTO `book` VALUES (1521453234058727446, 1521453234854567896, '神经网络与深度学习', '邱锡鹏', '机械工业出版社', 96.9, '//img3m1.ddimg.cn/37/12/28538371-1_w_17.jpg', '豆瓣评分9.5!复旦大学邱锡鹏教授力作，周志华、李航联袂推荐！深受好评的深度学习讲义蒲公英书正式版！系统整理深度学习的知识体系，由浅入深地阐述深度学习的原理、模型以及方法。更适合中文读者的深度学习图书', '2022-05-07 10:36:53', '2022-05-07 10:36:53', 1, 0);
INSERT INTO `book` VALUES (1521453234062705448, 1521453234854567937, '结构思考力（全新升级版）', '李忠秋', '电子工业出版社', 49, '//img3m9.ddimg.cn/82/13/29393479-1_w_16.jpg', '从底层逻辑出发，解决99%的沟通表达难题，让思维更清晰，工作更高效。金字塔原理的中国通俗版本 图解版本，俞敏洪、罗振宇、刘润、张丽俊等倾情力荐', '2022-05-07 10:37:17', '2022-05-07 10:37:17', 1, 0);
INSERT INTO `book` VALUES (1521453234063423462, 1521453234854564569, '柏青哥 （李敏镐主演《弹子球游戏》，苹果TV同名美剧原著小说）', '李敏金', '江苏凤凰文艺出版社', 49.4, '//img3m1.ddimg.cn/77/11/26910851-1_w_22.jpg', '苹果TV2022年度热门大戏，3月25日季上映。李敏镐、尹汝贞领衔出演，好莱坞团队巨资打造。奥巴马等众多名人推荐，战争与和平，爱与失去，献给所有异乡人的动人史诗。豆瓣评分8.4。', '2022-05-07 10:34:06', '2022-05-07 10:34:06', 1, 0);
INSERT INTO `book` VALUES (1521453234063514112, 1521453234854564569, '余华作品集13册（当当独享限量礼盒套装经典全含，活着+许三观卖血记+兄弟+在细雨中呼喊+9部短篇小说）', '余华', '作家出版社', 277.5, '//img3m2.ddimg.cn/41/5/27868442-1_w_6.jpg', '余华是我国当代著名作家，也是享誉世界的小说家，曾荣获众多国内外奖项。', '2022-05-07 10:34:04', '2022-05-07 10:34:04', 1, 0);
INSERT INTO `book` VALUES (1521453234068387080, 1521453234854567999, '断舍离·人生清单（随机发出当当签章版，粉丝送给张艺兴的书，畅销900万册生活美学“断舍离”书系经典作品）', '山下英子', '湖南文艺出版社', 42.9, '//img3m3.ddimg.cn/15/32/29210163-1_w_15.jpg', '林依晨推荐。如果把明天当成生命的终点，如何更好地活在当下，让自己的人生过得轻松而不留遗憾。用“人生清单”自省，践行人生必不可少的10个断舍离。', '2022-05-07 10:11:03', '2022-05-07 10:11:03', 1, 0);
INSERT INTO `book` VALUES (1521453234078203274, 1521453234854567888, '有毒的话语:亲密关系中哪些话不能乱说？(8堂亲密关系说话技巧课,法国家庭治疗协会指定用书)', '罗伯特·纽伯格', '北京联合出版有限公司', 47.7, '//img3m6.ddimg.cn/30/34/28997526-1_w_6.jpg', '为什么有些人越吵越爱，有些人一吵就分？8堂亲密关系说话技巧课，以正确的说话方式发泄情绪和解决分歧,不讨好、不打击、不掌控，避开语言陷阱，为爱好好说话', '2022-05-07 10:36:32', '2022-05-07 10:36:32', 1, 0);
INSERT INTO `book` VALUES (1521453234080254153, 1521453234854562367, '匿名的风景：从摄影到艺术', '王天羲', '北京联合出版有限公司', 84.3, '//img3m6.ddimg.cn/55/11/29155456-1_w_8.jpg', '知乎原创出品！一本当代摄影的烧脑沉思录。一本书解读当代摄影大师天价作品，思考当下摄影审美流行趋势。从摄影本质的角度全面提升审美和创作体验，写给所有对摄影有更高追求的摄影师和摄影爱好者。', '2022-05-07 10:37:39', '2022-05-07 10:38:39', 1, 0);
INSERT INTO `book` VALUES (1521453234081313226, 1521453234854567999, '掌控演讲（独家签名版）汪涵推荐', '陈飞', '中信出版社', 44.2, '//img3m9.ddimg.cn/38/19/29217809-1_w_12.jpg', '汪涵推荐！关键时刻轻松表达，让演讲力成为你的人生财富。掌控了演讲，也就掌控了人生。', '2022-05-07 10:11:05', '2022-05-07 10:11:05', 1, 0);
INSERT INTO `book` VALUES (1521453234088323337, 1521453234854564569, '苏州河 （海飞全新力作，在刀尖和风声里行走，寻找爱与世界的真相）', '海飞', '浙江文艺出版社', 41.2, '//img3m8.ddimg.cn/35/25/29377988-1_w_12.jpg', '人民文学奖得主，电视剧《惊蛰》《麻雀》原著作者、编剧海飞全新力作 。以诗性的语言，捕捉变革时代的世情人心，再造逝去年月的感伤肖像。内有精美插图，还原小说精彩场景，再现民国上海风情', '2022-05-07 10:34:04', '2022-05-07 10:34:04', 1, 0);
INSERT INTO `book` VALUES (1521453234103007821, 1521453234854567999, '精进3：找到你的潜在生态位', '采铜', '江苏凤凰文艺出版社', 43, '//img3m1.ddimg.cn/77/11/29365061-1_w_5.jpg', '青年成长导师、百万畅销书作家、心理学博士采铜回归之作。6条科学学习法则、5种高效行动技巧、6大增强思考力工具，帮你成为“价值创造”个体，破除“内卷式”职业耗竭。', '2022-05-07 10:11:05', '2022-05-07 10:11:05', 1, 0);
INSERT INTO `book` VALUES (1521453234103088084, 1521453234854567937, '三精管理', '宋志平', '机械工业出版社', 59.2, '//img3m0.ddimg.cn/42/12/29390370-1_w_8.jpg', '扎根企业40多年，带领两家企业跻身世界500强 潜心创造中国式企业工法——三精管理 *组织精健化 *管理精细化 *经营精益化 看得懂、可实操、有成效的企业经营管理指南', '2022-05-07 10:37:18', '2022-05-07 10:37:18', 1, 0);
INSERT INTO `book` VALUES (1521453234106306252, 1521453234854567999, '戒了吧，拖延症（80万册精装纪念版）', '辰格', '天津人民出版社', 35.4, '//img3m7.ddimg.cn/44/23/28968137-1_w_35.jpg', '《戒了吧，拖延症》精装典藏版。人生有限，拖延有害，彻底告别拖延带来的恐惧和焦虑。众多读者亲测有效的战拖手册，内容装帧全面升级，增加实操性的全书“脉络图”,帮你快速、精准的战胜拖延症。', '2022-05-07 10:11:03', '2022-05-07 10:11:03', 1, 0);
INSERT INTO `book` VALUES (1521453234112525716, 1521453234854567896, 'C++ Primer Plus 第6版 中文版', '史蒂芬·普拉达', '人民邮电出版社', 108.6, '//img3m9.ddimg.cn/31/36/28979509-1_w_19.jpg', 'C++程序设计经典教程，畅销30年的C++大百科全书全新升级，经典C++入门教程十年新版再现，孟岩、高博倾力推荐，赠送价值99元的e读版电子书及在线实验环境，赠送大尺寸全书思维导图，赠199元训练营', '2022-05-07 10:36:53', '2022-05-07 10:36:53', 1, 0);
INSERT INTO `book` VALUES (1521453234113537486, 1521453234854564569, '妖怪奇谭（当当专享亲笔签名版）', '张云', '东方出版社', 50.2, '//img3m5.ddimg.cn/10/20/29288665-1_w_3.jpg', '深山中的妖怪故事，看人间冷暖，治愈人心。 喜欢《夏目友人帐》的会熬一个通宵看完！连胆小鬼都在追阅！ 《中国妖怪故事（全集）》作者张云重磅新作！', '2022-05-07 10:34:06', '2022-05-07 10:34:06', 1, 0);
INSERT INTO `book` VALUES (1521453234114254706, 1521453234854564569, '俗世奇人（全三册）冯骥才“俗世奇人系列”全部作品54篇入选中小学生阅读指导目录', '冯骥才', '作家出版社', 60.7, '//img3m2.ddimg.cn/43/1/28526002-1_w_6.jpg', '', '2022-05-07 10:34:06', '2022-05-07 10:34:06', 1, 0);
INSERT INTO `book` VALUES (1521453234120380754, 1521453234854567777, '半小时漫画古诗词系列全集（全5册）（读完这些爆笑的古诗漫画，孩子多半会主动背古诗！专享赠送诗人知识卡！混子哥陈磊新作！）', '陈磊.半小时漫画团队', '江苏凤凰文艺出版社', 259.5, '//img3m4.ddimg.cn/13/22/29218774-1_w_19.jpg', '古诗词系列全集！孩子一听背诗就来劲！混子哥陈磊新作！全网粉丝1500万！重点必背古诗词由语文教材审查专家、华中师范大学教授注释、翻译！翻开本书，在哈哈大笑中成为古诗词学霸！读客熊猫君出品', '2022-05-07 10:36:03', '2022-05-07 10:36:03', 1, 0);
INSERT INTO `book` VALUES (1521453234120700000, 1521453234854567999, '复杂世界的明白人（在变局时代，看清努力方向！）', '九边', '北京联合出版有限公司', 41.7, '//img3m6.ddimg.cn/97/21/29343796-1_w_15.jpg', '全网千万粉丝自媒体大V九边全新力作！一本变局时代的个人破局指南。帮你打造个人破局“快速通道”，集中解决低效努力的种种痛点。助你在“变化涌动”的大环境中，提前看到趋势，汇集变量。', '2022-05-07 10:11:05', '2022-05-07 10:11:05', 1, 0);
INSERT INTO `book` VALUES (1521453234122830436, 1521453234854567888, '极简学习法（考试高分的秘密，上百位清北学霸学习方法大公开）', '廖恒', '北京联合出版有限公司', 43.1, '//img3m3.ddimg.cn/6/10/29389443-1_w_6.jpg', '郝景芳、刘嘉森、北大粽博士力荐！三步极简学习法：精准输入、深度消化、多元输出，直击学习本质，有效刷题，科学抢分，从根上学，一通百通！每个家长都应该给孩子买的一本书。', '2022-05-07 10:36:28', '2022-05-07 10:36:28', 1, 0);
INSERT INTO `book` VALUES (1521453234128068108, 1521453234854567777, '我身体里的人造星星', '希内德·格利森', '广西师范大学出版社', 43.5, '//img3m4.ddimg.cn/0/15/29319444-1_w_2.jpg', '2019年爱尔兰图书奖非虚构大奖；2019爱尔兰年度畅销书NO.1 爱与病痛构筑的女性生命星空，以书写逃离监禁的一次身体越狱 女性的身体是一个战场，这本书就是证据！', '2022-05-07 10:36:03', '2022-05-07 10:36:03', 1, 0);
INSERT INTO `book` VALUES (1521453234134540473, 1521453234854567777, '搬山寄：张二棍诗集（因为苍天在上，我愿埋首人间。地质钻工的生命之诗，献给每一个负重前行的人）', '张二棍', '长江文艺出版社', 41, '//img3m9.ddimg.cn/51/11/29350779-1_w_9.jpg', '“搬运尘世山川，寄望云端生活”。一个地质钻工，以文字为扳手，以词语为铁锤，钻探我们习焉不察的生活。', '2022-05-07 10:36:02', '2022-05-07 10:36:02', 1, 0);
INSERT INTO `book` VALUES (1521453234134834853, 1521453234854564569, '天堂旅行团（当当专享寄语印签环衬+精编小册子，继《全世界》《云边》之后，张嘉佳新书2021全新长篇力作）', '张嘉佳', '湖南文艺出版社', 29.3, '//img3m1.ddimg.cn/60/31/29288121-1_w_46976.jpg', '暌违三年，继《全世界》《云边》之后，张嘉佳2021全新长篇力作。希望这本书能照亮那些在黑夜中走路的人，这世界不停开花，我想放进你心里一朵。', '2022-05-07 10:34:03', '2022-05-07 10:34:03', 1, 0);
INSERT INTO `book` VALUES (1521453234140065558, 1521453234854562367, '艺术史导论 艺术史学习经典指南', '汉斯·贝尔廷', '北京大学出版社', 100, '//img3m5.ddimg.cn/82/23/29293885-1_w_13.jpg', '第7次修订，首次引进中文版 15位资深艺术史教授，倾心写就', '2022-05-07 10:37:39', '2022-05-25 09:38:00', 1, 0);
INSERT INTO `book` VALUES (1521453234140525083, 1521453234854562367, '有一年（当当专享定制帆布袋+美食手账本+飞机盒发货，畅销漫画作品《生活蒙太奇》作者、知名插画师天然全新插画作品集）', '天然', '湖南文艺出版社', 109, '//img3m8.ddimg.cn/91/1/29383588-1_w_3.jpg', '知名插画师、畅销漫画作品《生活蒙太奇》作者天然的插画作品集。这是一个生活观察者对美好生活无时无刻的记录。同时也是一个关于美的创作试验：连续365天生活速写，700多幅作品合集，呈现如诗如画的有一年。', '2022-05-07 10:37:38', '2022-05-07 10:37:38', 1, 0);
INSERT INTO `book` VALUES (1521453234143147260, 1521453234854564569, '非常疑犯（“法医笔记”系列重磅新作。《时代周刊》报道的中国法医，根据追踪10年的连环杀人案写成。有声剧播放超1000万。）', '红眸', '天津人民出版社', 52, '//img3m4.ddimg.cn/39/32/29294634-1_w_20.jpg', '天才法医穷尽10年生涯，追踪7·12连环杀人案。死亡相册、法外制裁等112次高能反转。雕塑法颅骨还原、两分法心理侧写等57种法医手段。技术天才VS高智商变态疑犯。赠法医知识手册，法医刘晓辉推荐！', '2022-05-07 10:34:10', '2022-05-07 10:34:10', 1, 0);
INSERT INTO `book` VALUES (1521453234143550416, 1521453234854567937, '定位系列·商战（重译版）', '里斯Al', '机械工业出版社', 44.2, '//img3m5.ddimg.cn/92/9/25169555-1_w_6.jpg', '“定位之父”教你打赢商战', '2022-05-07 10:37:21', '2022-05-07 10:37:21', 1, 0);
INSERT INTO `book` VALUES (1521453234145570765, 1521453234854567999, '把自己当回事儿（杨天真的沟通秘籍！蔡康永、樊登、罗永浩真挚推荐，李诞、马伊琍、脱不花诚意作序。）', '杨天真', '北京联合出版有限公司', 35.5, '//img3m0.ddimg.cn/54/2/29215350-1_w_9.jpg', '所有的沟通都是从读懂自己开始，一本所有人都需要的“沟通说明书”！', '2022-05-07 10:11:03', '2022-05-07 10:11:03', 1, 0);
INSERT INTO `book` VALUES (1521453234146420187, 1521453234854567777, '你是宇宙安排的邂逅（2021年张皓宸新书，短篇故事新作。9种相遇重逢，9次感同身受）', '张皓宸', '四川文艺出版社', 43.8, '//img3m0.ddimg.cn/92/19/29256770-1_w_25.jpg', '张皓宸亲手绘制封面及全书插画，炫彩PP材质护封，附赠油画明信片。直击人心的故事，带给你百转千回的感动。原来你我每一次邂逅都是宇宙温柔的安排。果麦出品', '2022-05-07 10:36:01', '2022-05-07 10:36:01', 1, 0);
INSERT INTO `book` VALUES (1521453234147054160, 1521453234854567888, '思维模型（成甲、采铜倾情推荐！帮你理解200多个重要的跨学科思维模型！）', '加布里·温伯格', '浙江教育出版社', 48.9, '//img3m8.ddimg.cn/18/26/29372328-1_w_6.jpg', '深度理解世界本质、重新定位人生坐标。麻省理工学院加布里埃尔·温伯格、劳伦·麦肯，系统分类、解释了200多个跨学科的重要思维模型，让我们在复杂世界里，精准解决问题，正确做出决策，实现复利人生。', '2022-05-07 10:36:29', '2022-05-07 10:36:29', 1, 0);
INSERT INTO `book` VALUES (1521453234148224241, 1521453234854567999, '起床后的黄金1小时（风靡日本的1小时习惯改造法，助你成为自律、精进、高效的人。想过什么样的人生，就过什么样的早晨！）', '池田千惠', '北京日报出版社', 35.5, '//img3m9.ddimg.cn/64/33/29199619-1_w_38.jpg', '要么躺在床上等待生活的暴击，要么早起创造人生的奇迹。利用头脑活跃、身体状态ZUI好的早起黄金1小时，做“ZUI重要的事”。只需1小时，成为高效能人士，你拥有的不只是时间，更是一种成功的习惯！', '2022-05-07 10:11:05', '2022-05-07 10:11:05', 1, 0);
INSERT INTO `book` VALUES (1521453234150121761, 1521453234854567777, '茅盾讲中国神话（当当专享版特别赠送藏书票+吉祥海报；茅盾先生研究力作；百万人气插画师飞白、顾青峰联手演绎中国神话之美）', '茅盾', '天津人民出版社', 59.5, '//img3m7.ddimg.cn/9/12/29337867-1_w_11.jpg', '茅盾先生20世纪20年代研究力作！启发了袁珂等学者。时至今日论及“神话”，依然绕不的里程碑。站酷推荐、百万人气插画师飞白、顾青峰联手演绎中国神话之美。大幅插图，精装护封，烫金工艺，唯美呈现东方神秘之境', '2022-05-07 10:36:01', '2022-05-07 10:36:01', 1, 0);
INSERT INTO `book` VALUES (1521453234153443007, 1521453234854567888, '成为学霸:培养高分逆袭的考试脑思维（当当专享签名版+周计划本！九三学长带你摆脱假努力！）', '九三学长', '北京联合出版有限公司', 39.6, '//img3m2.ddimg.cn/29/29/29380952-1_w_1.jpg', '摆脱假努力，学霸有方法。学习的本质+三种思维模型+学习技巧，全网500万粉丝的知识博主九三学长手把手助你少熬夜、少刷题，快速提高成绩。张雪峰、杨晓燕、牛萌、辰薇诚意推荐。', '2022-05-07 10:36:29', '2022-05-07 10:36:29', 1, 0);
INSERT INTO `book` VALUES (1521453234155307283, 1521453234854567888, '刘墉青春修炼手册（全5册）', '刘墉', '接力出版社', 174.7, '//img3m5.ddimg.cn/62/18/29280005-1_w_12.jpg', '当当专享“撕除烦恼”刘墉签章信，完整记录两个名校孩子的青春成长之路；每册超过30个走心醒脑的青春话题和实用妙招，直击成长痛点。', '2022-05-07 10:36:27', '2022-05-07 10:36:27', 1, 0);
INSERT INTO `book` VALUES (1521453234162135664, 1521453234854567777, '人间好玩（当当专享印刷蔡澜先生亲题寄语，“八旬”蔡澜的人生智慧书。汪涵、大张伟赞赏的“师傅”，薛兆丰在《奇葩说》感人推荐）', '蔡澜', '湖南文艺出版社', 35.8, '//img3m9.ddimg.cn/55/30/29197729-1_w_14.jpg', '“八旬”蔡澜的人生智慧书！活出“人间好玩”的智慧！是我玩这个世界，不是这个世界玩我！汪涵、大张伟、鲁豫赞赏的“师傅”，薛兆丰在《奇葩说》感人推荐！人生真的不错，真的好玩啊！', '2022-05-07 10:35:59', '2022-05-07 10:35:59', 1, 0);
INSERT INTO `book` VALUES (1521453234172021518, 1521453234854564569, '沙丘六部曲（同名电影狂揽6项奥斯卡大奖！《降临》导演执导、“甜茶”、张震等主演。每个“不可不读”的书单上都有《沙丘》）', '弗兰克·赫伯特', '江苏文艺出版社', 394.9, '//img3m6.ddimg.cn/79/23/27943126-1_w_17.jpg', '每个“不可不读”的书单上都有《沙丘》！伟大的《沙丘》六部曲中文版初次完整出版！雨果奖、星云奖双奖作品！摘得轨迹杂志“20世纪科幻小说”桂冠!读客熊猫君出品', '2022-05-07 10:34:06', '2022-05-07 10:34:06', 1, 0);
INSERT INTO `book` VALUES (1521453234177246138, 1521453234854567999, '有毒的话语:亲密关系中哪些话不能乱说？(8堂亲密关系说话技巧课,法国家庭治疗协会指定用书)', '罗伯特·纽伯格', '北京联合出版有限公司', 47.7, '//img3m6.ddimg.cn/30/34/28997526-1_w_6.jpg', '为什么有些人越吵越爱，有些人一吵就分？8堂亲密关系说话技巧课，以正确的说话方式发泄情绪和解决分歧,不讨好、不打击、不掌控，避开语言陷阱，为爱好好说话', '2022-05-07 10:11:07', '2022-05-07 10:11:07', 1, 0);
INSERT INTO `book` VALUES (1521453234180060278, 1521453234854562367, 'Vlog视频拍摄、剪辑与运营从小白到高手', 'vivi的理想生活', '化学工业出版社', 74.9, '//img3m3.ddimg.cn/59/27/29133383-1_w_3.jpg', '随书附赠价值299元的扩展视频课；你真的会拍视频吗？B站、抖音、快手短视频拍摄、剪辑与运营的秘籍一本就够！', '2022-05-07 10:37:39', '2022-05-07 10:38:39', 1, 0);
INSERT INTO `book` VALUES (1521453234181714742, 1521453234854564569, '齐马蓝（《爱死机》S1E14原著！第52届星云赏获奖作品！）', '阿拉斯泰尔·雷诺兹', '湖南文艺出版社', 60.8, '//img3m9.ddimg.cn/77/18/29268239-1_w_19.jpg', '豆瓣9.2高分《爱，死亡和机器人》剧集，《齐马蓝篇》原著中文版重磅推出！', '2022-05-07 10:34:09', '2022-05-07 10:34:09', 1, 0);
INSERT INTO `book` VALUES (1521453234183808482, 1521453234854567777, '米兰·昆德拉作品全新系列（精装）（套装16册）', '米兰·昆德拉', '上海译文出版社', 550.5, '//img3m8.ddimg.cn/66/22/28997958-1_w_3.jpg', '完整收录昆德拉的全部小说、戏剧、随笔及文论。展示文学巨匠昆德拉的全貌 设计精美的典藏版装帧（包括：不能承受的生命之轻、生活在别处、不朽、笑忘录、玩笑、好笑的爱、小说的艺术等）', '2022-05-07 10:36:03', '2022-05-07 10:36:03', 1, 0);
INSERT INTO `book` VALUES (1521453234186604271, 1521453234854567888, '你缺的不是努力，而是变现的能力：用准确努力撬动财富自由', '临公子', '中国友谊出版公司', 35.6, '//img3m5.ddimg.cn/96/5/28991355-1_w_5.jpg', '终结穷忙、豪横赚钱的实战干货秘籍，上班族如何抓住发展黄金期，让拼搏更有价值？插坐学院、36氪等大号高频转发！忙不是目的，努力不是为了感动自己！1年锻造核心竞争力，3年完成人生逆袭！', '2022-05-07 10:36:30', '2022-05-07 10:36:30', 1, 0);
INSERT INTO `book` VALUES (1521453234201223633, 1521453234854567777, '“程沈说诗词”精装礼盒版（全四册）（当当网定制版）', '程千帆', '陕西师范大学出版社', 244.7, '//img3m1.ddimg.cn/8/36/29235401-1_w_6.jpg', '程千帆、沈祖棻作品，莫砺锋先生作序，古典诗词普及读本', '2022-05-07 10:36:03', '2022-05-07 10:36:03', 1, 0);
INSERT INTO `book` VALUES (1521453234201637801, 1521453234854564569, '黎明前的那一夜（当当专享手账本，随书附赠一套“黎明前夜”明信片，青年作家卢思浩新书，2021年长篇新作）', '卢思浩', '湖南文艺出版社', 35.5, '//img3m8.ddimg.cn/25/27/29278978-1_w_1448.jpg', '青年作家卢思浩2021年长篇新作。只有跨过ZUI黑的夜，人生才得以五彩斑斓。写给每一个勇于面对的我们。逃离过去不是答案，如何面对未来才是答案。', '2022-05-07 10:34:04', '2022-05-07 10:34:04', 1, 0);
INSERT INTO `book` VALUES (1521453234202368177, 1521453234854567999, '写给女人的醒脑书：女性活出漂亮人生的七堂格局课', '曾雅娴', '中国纺织出版社', 42.4, '//img3m4.ddimg.cn/22/2/29385994-1_w_5.jpg', '侯虹斌、坏蓝眼睛、金颖、庄秦联袂推荐！句句扎心，却给你改变的勇气；篇篇醍醐灌顶，令你打开格局，更自信笃定！', '2022-05-07 10:11:04', '2022-05-07 10:11:04', 1, 0);
INSERT INTO `book` VALUES (1521453234207481588, 1521453234854567777, '狂人笔记（当当随机亲笔签名本）', '苏见祈', '人民交通出版社', 50.9, '//img3m6.ddimg.cn/18/4/29343816-1_w_17.jpg', '百万粉丝作家苏见祈终于出书了！历时十年倾情打造！错过人和事，或能前缘再续，错过自己，此生不能相逢。写给每一个渴望活成自己的倔强的你', '2022-05-07 10:36:01', '2022-05-07 10:36:01', 1, 0);
INSERT INTO `book` VALUES (1521453234211710377, 1521453234854567999, '钝感力（典藏版）', '渡边淳一', '青岛出版社', 50.3, '//img3m4.ddimg.cn/0/11/27875034-1_w_13.jpg', '聪明敏感的人进化自己的方向是拥有钝感力！《奇葩说》《令人心动的offer》《五十公里桃花坞》热播综艺鼎力推荐；央视新闻、人民日报、新京报', '2022-05-07 10:11:03', '2022-05-07 10:11:03', 1, 0);
INSERT INTO `book` VALUES (1521453234215571478, 1521453234854564569, '生活家（央视热播剧同名原著小说）', '李可', '长江出版社', 42.4, '//img3m6.ddimg.cn/66/14/29244666-1_w_26.jpg', '刘敏涛、文淇等主演，央视热播剧同名原著小说！当代都市女性的成长手记，致平凡生活中的温暖与“小确幸”。甜系亲情&盐系爱情，笑与泪交织，引人共鸣! 随书赠剧照彩插!', '2022-05-07 10:34:07', '2022-05-07 10:34:07', 1, 0);
INSERT INTO `book` VALUES (1521453234222377517, 1521453234854567999, '沟通的艺术（插图修订第15版）', '罗纳德·B·阿德勒', '北京联合出版有限公司', 52.8, '//img3m0.ddimg.cn/6/33/25154520-1_w_28.jpg', '，寓教于乐的沟通学权威教材，极具操作性的健康关系指南。学习沟通技巧，有效逆转沟通困境，应对一切沟通难题。团购电话:4001066666转6', '2022-05-07 10:11:06', '2022-05-07 10:11:06', 1, 0);
INSERT INTO `book` VALUES (1521453234224806416, 1521453234854562367, '氛围美食影像学', '邱子峰', '人民邮电出版社', 77.4, '//img3m9.ddimg.cn/18/21/25238979-1_w_6.jpg', '氛围美食影像学 有食间的美味摄影笔记 写给大家看的美食摄影技法教程 全彩印刷 知名媒体人和旅行作家推荐的食物摄影美学书', '2022-05-07 10:37:39', '2022-05-07 10:38:39', 1, 0);
INSERT INTO `book` VALUES (1521453234230352422, 1521453234854567888, '精进3：找到你的潜在生态位', '采铜', '江苏凤凰文艺出版社', 43, '//img3m1.ddimg.cn/77/11/29365061-1_w_5.jpg', '青年成长导师、百万畅销书作家、心理学博士采铜回归之作。6条科学学习法则、5种高效行动技巧、6大增强思考力工具，帮你成为“价值创造”个体，破除“内卷式”职业耗竭。', '2022-05-07 10:36:30', '2022-05-07 10:36:30', 1, 0);
INSERT INTO `book` VALUES (1521453234231146087, 1521453234854567777, '佐野洋子作品集（全4册）', '佐野洋子', '海峡文艺出版社', 183, '//img3m6.ddimg.cn/17/6/29271446-1_w_17.jpg', '日本知名女性作家、《活了100万次的猫》作者佐野洋子 三部早期随笔集+一部晚年代表作， 二十余年的创作集锦，凝结一辈子的从容与睿智。', '2022-05-07 10:36:03', '2022-05-07 10:36:03', 1, 0);
INSERT INTO `book` VALUES (1521453234233688407, 1521453234854564569, '生死疲劳（不看不知道，莫言真幽默！全新版本！印章版和普通版随机发货）', '莫言', '浙江文艺出版社', 69.8, '//img3m5.ddimg.cn/37/23/29343835-1_w_18.jpg', '不看不知道，莫言真幽默！在极度痛苦时笑出声来，获得内心深处的解脱。收录全新再版序、莫言漫像、莫言题词，了解本书创作背后的故事！梳理人物关系图，清晰呈现主要人物关系！读客熊猫君出品', '2022-05-07 10:34:04', '2022-05-07 10:34:04', 1, 0);
INSERT INTO `book` VALUES (1521453234237605143, 1521453234854567937, '新版一分钟经理人（2015版）', '布兰佳', '南海出版公司', 35, '//img3m4.ddimg.cn/73/36/23761954-1_w_1.jpg', '《谁动了我的奶酪》《礼物》作者代表作！荣登《纽约时报》《华尔街日报》《商业周刊》等畅销书排行榜！', '2022-05-07 10:37:22', '2022-05-07 10:37:22', 1, 0);
INSERT INTO `book` VALUES (1521453234238221688, 1521453234854567777, '长岛小记（当当专享签名本）', '郭红', '北京十月文艺出版社', 49, '//img3m6.ddimg.cn/46/21/29351566-1_w_1.jpg', '人生的核心问题是“度过”。一部有温度的“长岛小记”，通往内心的路远比通往外界更漫长。写给所有女性朋友的思考启示：成为妻子，成为母亲，更要成为你自己。', '2022-05-07 10:36:00', '2022-05-07 10:36:00', 1, 0);
INSERT INTO `book` VALUES (1521453234240147865, 1521453234854567777, '被忘录（亲签版随机掉落：随书附赠“春桃、夏瓜、秋柿、冬梨”4枚彩墨画片）', '忘川山人', '北京联合出版有限公司', 51, '//img3m2.ddimg.cn/37/16/29349082-1_w_14.jpg', '青年插画师忘川山人新水墨诗画集 一天里的生老病死，一瞬的贪嗔痴慢疑', '2022-05-07 10:36:01', '2022-05-07 10:36:01', 1, 0);
INSERT INTO `book` VALUES (1521453234241181252, 1521453234854567999, '高情商沟通（周国平、吴晓波、李松蔚、剽悍一只猫诚意推荐！全国播音主持 “金话筒”奖得主青音，针对日常生活场景，教你有情商地说话）', '青音', '上海文艺出版社', 48.8, '//img3m8.ddimg.cn/81/16/29262798-1_w_12.jpg', '如何反抗父母“爱的操控”？如何说，领导才更喜欢听？怎么谈升职加薪？普通人如何拥有主播般的好声音？真实生动的案例+通俗易懂的心理学知识+专业实用的发声练习。内附26个声音练习音频。果麦出品', '2022-05-07 10:11:06', '2022-05-07 10:11:06', 1, 0);
INSERT INTO `book` VALUES (1521453234242250072, 1521453234854567937, '原则：桥水创始人瑞达利欧作品，半个金融圈、投资界、管理层都在读，比尔·盖茨、张瑞敏、吴晓波、罗辑思维等倾情推荐！', '瑞·达利欧', '中信出版社', 67.6, '//img3m9.ddimg.cn/21/7/25204629-1_w_13.jpg', '华尔街投资人、桥水公司创始人雷·达里奥白手起家40多年的生活与工作原则；比尔·盖茨、张瑞敏、潘石屹、万维钢，吴晓波、傅盛、罗辑思维等倾情推荐；中国金融投资圈诸多高管期盼多年终得上市中文版。', '2022-05-07 10:37:19', '2022-05-07 10:37:19', 1, 0);
INSERT INTO `book` VALUES (1521453234248215384, 1521453234854567896, '强化学习（第2版）', 'Richard', '电子工业出版社', 161.3, '//img3m3.ddimg.cn/0/12/27926613-1_w_6.jpg', '强化学习领域奠基性经典著作！人工智能行业的强化学习圣经！', '2022-05-07 10:36:54', '2022-05-07 10:36:54', 1, 0);
INSERT INTO `book` VALUES (1521453234253730623, 1521453234854567999, '情绪自控（摆脱内耗体质，找到不焦虑的活法。情绪工作者李筱懿，教你如何掌控情绪！）', '李筱懿', '上海文艺出版社', 49.8, '//img3m8.ddimg.cn/56/6/29340488-1_w_6.jpg', '敏感、易怒、焦虑……10种失控的情绪逐一化解。林黛玉、简爱、甄嬛……10类不同的性格逐个剖析。李筱懿用心理学干货，教你把情绪问题对号入座，附独家情绪管理方法和书单。吴晓波、伊能静、杨天真、傅首尔推荐。', '2022-05-07 10:11:06', '2022-05-07 10:11:06', 1, 0);
INSERT INTO `book` VALUES (1521453234254570770, 1521453234854567937, '团队沟通：从新手到高手', '陈亚明', '台海出版社', 43.6, '//img3m4.ddimg.cn/89/2/29197664-1_w_12.jpg', '职场老师傅倾情推荐；一场团队沟通的进阶课，教你从新手到能手再到高手', '2022-05-07 10:37:21', '2022-05-07 10:37:21', 1, 0);
INSERT INTO `book` VALUES (1521453234254861831, 1521453234854567937, '视频号运营攻略', '萧大业', '中国人民大学出版社', 53.5, '//img3m9.ddimg.cn/89/32/29371409-1_w_6.jpg', '单条播放2亿+爆款作者/当红大V萧大业 倾情分享从0开始经营视频号的底层逻辑和进阶奥秘，抓住短视频时代普通人后的红利，玩转视频号，一本书就够', '2022-05-07 10:37:18', '2022-05-07 10:37:18', 1, 0);
INSERT INTO `book` VALUES (1521453234256130257, 1521453234854567777, '春天，我想去田野里采一朵花（前1000名下单可得价值2700元的浮梁绿茶）', '戴蓉', '北京联合出版有限公司', 84.3, '//img3m4.ddimg.cn/18/4/29365794-1_w_5.jpg', '前1000名下单可得价值2700元的浮梁绿茶！从田野到餐桌，从诗情画意到烟火人间。随书附赠“春日宴”手绘明信片（共10款，每本随机2张）20种应时植物，72幅植物手绘图，带你沉浸式体验春天。', '2022-05-07 10:36:02', '2022-05-07 10:36:02', 1, 0);
INSERT INTO `book` VALUES (1521453234261526382, 1521453234854567777, '一切境（庆山-安妮宝贝新书，当当专享印章版）', '庆山', '人民文学出版社', 52.1, '//img3m5.ddimg.cn/85/34/29321905-1_w_11.jpg', '暌违五年后，全新散文集出版， 庆山（安妮宝贝）交付灵魂之作，一部坦露自我内在的纯然文字。', '2022-05-07 10:36:00', '2022-05-07 10:36:00', 1, 0);
INSERT INTO `book` VALUES (1521453234262443471, 1521453234854567888, '底层逻辑（当当专享签名版， 畅销书作家+青年导师李尚龙、刘媛媛、张萌等鼓掌推荐，随书赠价值129元的“爆款写作课”）', '吕白', '湖南文艺出版社', 33.1, '//img3m0.ddimg.cn/59/23/29297030-1_w_5.jpg', '95后毕业新人从月薪3000到年入百万的人生逆袭指南', '2022-05-07 10:36:29', '2022-05-07 10:36:29', 1, 0);
INSERT INTO `book` VALUES (1521453234263383210, 1521453234854567777, '俗女养成记（超人气华语剧集《俗女养成记》同名原著，“陈嘉玲”自传，当当专享金句贴纸）', '江鹅', '北京日报出版社', 33.9, '//img3m9.ddimg.cn/80/33/29312099-1_w_10.jpg', '理直气壮的普普通通，安乐自在的俗女日常，写给每一个普通女孩的情书 俗女是一种生活态度，勇敢活出自己喜欢的模样！', '2022-05-07 10:36:00', '2022-05-07 10:36:00', 1, 0);
INSERT INTO `book` VALUES (1521453234266712261, 1521453234854562367, '摄影轻松入门：构图与用光', 'FUN视觉', '化学工业出版社', 50.3, '//img3m8.ddimg.cn/94/18/25113028-1_w_2.jpg', '摄影入门一定要学的构图与用光技巧大全！书中扫码可获得更多摄影资源', '2022-05-07 10:37:39', '2022-05-07 10:37:39', 1, 0);
INSERT INTO `book` VALUES (1521453234267205047, 1521453234854567888, '戒了吧，拖延症（80万册精装纪念版）', '辰格', '天津人民出版社', 35.4, '//img3m7.ddimg.cn/44/23/28968137-1_w_35.jpg', '《戒了吧，拖延症》精装典藏版。人生有限，拖延有害，彻底告别拖延带来的恐惧和焦虑。众多读者亲测有效的战拖手册，内容装帧全面升级，增加实操性的全书“脉络图”,帮你快速、精准的战胜拖延症。', '2022-05-07 10:36:28', '2022-05-07 10:36:28', 1, 0);
INSERT INTO `book` VALUES (1521453234267718878, 1521453234854567937, '团队协作的五大障碍（第三版）', '兰西奥尼', '中信出版社', 18.7, '//img3m9.ddimg.cn/46/14/23320189-1_w_2.jpg', '', '2022-05-07 10:37:22', '2022-05-07 10:37:22', 1, 0);
INSERT INTO `book` VALUES (1521453234277413877, 1521453234854564569, '大人也需要童话（随机签名版）', '童亮', '四川文艺出版社', 41.8, '//img3m0.ddimg.cn/34/30/29295520-1_w_9.jpg', '光怪陆离，神秘奇幻。是童话，亦是人生。独树一帜的国风式寓言故事，我们终其一生，都在寻找自我。45个奇幻故事，45个“醍醐灌顶”的人生感悟。读完这本书，仿佛大梦了一场。', '2022-05-07 10:34:05', '2022-05-07 10:34:05', 1, 0);
INSERT INTO `book` VALUES (1521453234278764663, 1521453234854567888, '倾听力签名版（怎么听对方才肯说，如何说对方才会听？18个打开心扉的经典案例！帮你突破人际交往能力！）', '吴怀尧', '浙江文艺出版社', 43.5, '//img3m0.ddimg.cn/21/31/29354610-1_w_42.jpg', '社恐内向者常备！翻开本书，突破人际交往能力！小学阶段到成年人适读！上市5个月紧急加印4次！靠口碑持续稳居人际交往图书畅销榜！作家富豪榜创始人吴怀尧力作！台湾时报出版本书繁体版！', '2022-05-07 10:36:32', '2022-05-07 10:36:32', 1, 0);
INSERT INTO `book` VALUES (1521453234285447213, 1521453234854567777, '冯骥才：各有各的活法（当当专享签章版随机发货，冯骥才写给当代年轻人的生活思考之书，活法各有不同，幸福生活是共同的奔头，冰心、王安忆推荐阅读）', '冯骥才', '天津人民出版社', 42.4, '//img3m0.ddimg.cn/53/10/29349890-1_w_14.jpg', '鲁迅文学奖得主冯骥才亲自选编，32篇文字跨越40年全新结集。冰心、王蒙、王安忆、白岩松、宁静推荐，小说里有俗世奇人的传说，散文里有万物生灵的优美，随笔中有生活的万般滋味。一本书阅尽大家风采。', '2022-05-07 10:36:00', '2022-05-07 10:36:00', 1, 0);
INSERT INTO `book` VALUES (1521453234285655826, 1521453234854567777, '一生欠安：增订本（当当专享签名本，新增万字，全新修订，精装珍藏，续写深情与力量，《鲁迅妻子朱安：一生欠安》等篇章结集！女子一生，何以为安？）', '李梦霁', '甘肃人民出版社', 35.8, '//img3m2.ddimg.cn/66/30/29388612-1_w_8.jpg', '自媒体现象级爆款《鲁迅妻子朱安：一生欠安》等结集！17个爱而不得的女子，17种美丽又哀伤的人生。她们在历史的风尘里隐匿、失声、成谜……爱与痛的边缘，她们谋生亦谋爱！女子一生，何以为安？', '2022-05-07 10:36:01', '2022-05-07 10:36:01', 1, 0);
INSERT INTO `book` VALUES (1521453234286352457, 1521453234854567777, '沈从文：到日光下去生活（今天也要好好过。到日光下去，去找到你的甜。沈从文先生诞辰120周年全彩纪念版！一本书阅尽沈从文作品精华。汪曾祺、季羡林、贾平凹、曹文轩、董卿等极力推崇。）', '沈从文', '中国致公出版社', 33.6, '//img3m2.ddimg.cn/39/13/29278002-1_w_27.jpg', '热卖一月，几度加印，豆瓣9.0分。该来的总要来，不必怕。沈从文先生诞辰120周年全彩纪念版！一本书阅尽沈从文作品精华。汪曾祺、季羡林、贾平凹、曹文轩、董卿等推崇。《朗读者》《见字如面》等推荐！', '2022-05-07 10:36:00', '2022-05-07 10:36:00', 1, 0);
INSERT INTO `book` VALUES (1521453234287166310, 1521453234854567999, '极简学习法（考试高分的秘密，上百位清北学霸学习方法大公开）', '廖恒', '北京联合出版有限公司', 43.1, '//img3m3.ddimg.cn/6/10/29389443-1_w_6.jpg', '郝景芳、刘嘉森、北大粽博士力荐！三步极简学习法：精准输入、深度消化、多元输出，直击学习本质，有效刷题，科学抢分，从根上学，一通百通！每个家长都应该给孩子买的一本书。', '2022-05-07 10:11:04', '2022-05-07 10:11:04', 1, 0);
INSERT INTO `book` VALUES (1521453234302617508, 1521453234854567999, '你想与谁相伴一生？感动全球亿万人的暖心治愈绘本，《 你想过怎样的一生？》姐妹篇，告白/节日礼物！', '海克·法勒', '北京联合出版有限公司', 88.5, '//img3m0.ddimg.cn/43/16/29339980-1_w_14.jpg', '感动全球亿万人的治愈绘本 《你想过怎样的一生？》姐妹篇  致那些不小心走失的、或升华为爱情的、 有幸持续一生的友谊', '2022-05-07 10:11:05', '2022-05-07 10:11:05', 1, 0);
INSERT INTO `book` VALUES (1521453234302854772, 1521453234854567896, '费曼物理学讲义5本加后费曼基础物理升级版(3本讲义加补编加习题册加后费曼)', '费曼', '上海科学技术出版社', 559.4, '//img3m7.ddimg.cn/53/25/29222477-1_w_9.jpg', '开启物理学观察世界的方法，经典套装全集加后费曼物理学讲义升级版，历久弥新的大师之作。', '2022-05-07 10:36:55', '2022-05-07 10:36:55', 1, 0);
INSERT INTO `book` VALUES (1521453234304536021, 1521453234854567937, '京瓷哲学：人生与经营的原点（平装）', '稻盛和夫', '东方出版社', 50.6, '//img3m9.ddimg.cn/83/25/29118359-1_w_8.jpg', '当当独家特惠版。日本“经营四圣之一”稻盛和夫先生亲手打造的世界500强公司“京瓷Kyocera”首度解读！继畅销书《活法》之后，季羡林先生等众多知名企业家推崇。让马云醍醐灌顶的经营理念，尽在此书', '2022-05-07 10:37:20', '2022-05-07 10:37:20', 1, 0);
INSERT INTO `book` VALUES (1521453234310677443, 1521453234854567777, '北京烟树（当当专享签章本+22年月历卡。80后作家侯磊散文力作，书写一位年轻的“老北京”眼中的北京日常生活 ）', '侯磊', '北京十月文艺出版社', 43.5, '//img3m3.ddimg.cn/56/4/29350883-1_w_4.jpg', '北京日常的生活之书  孙郁 阎连科 梁鸿 张菁 联袂推荐', '2022-05-07 10:36:01', '2022-05-07 10:36:01', 1, 0);
INSERT INTO `book` VALUES (1521453234314581120, 1521453234854567937, '价值共生：数字化时代的组织管理（陈春花教授新作）（团购，请致电010-57993380）', '陈春花', '人民邮电出版社', 74.7, '//img3m0.ddimg.cn/98/17/29217770-1_w_19.jpg', '企业管理类书籍，北京大学国家发展研究院陈春花教授，十年数字化组织研究与实践集大成之作，完整呈现新的组织管理体系，为数字化时代，企业挖掘新价值，赋能强个体提供解决方案。', '2022-05-07 10:37:19', '2022-05-07 10:37:19', 1, 0);
INSERT INTO `book` VALUES (1521453234317052533, 1521453234854567888, '成为可怕的自律人（把拖延症瞬间变得超级自律的自我提问法！作者曾帮助70位CEO、300位企业高管成为可怕的自律人！赠自律打卡表）', '马歇尔·古德史密斯', '文汇出版社', 42, '//img3m1.ddimg.cn/88/0/29325571-1_w_9.jpg', '横扫14个国家！美国、日本、韩国……《纽约时报》《华尔街日报》畅销书榜No.1！美国亚马逊年度畅销书！本书专门写给善于制订目标，却难以达成的你！高效实用，自律技巧方法！读客熊猫君出品', '2022-05-07 10:36:31', '2022-05-07 10:36:31', 1, 0);
INSERT INTO `book` VALUES (1521453234318206583, 1521453234854567777, '木心全集(理想国典藏套装，布面精装16册，附赠1本《木心别册》)', '木心', '上海三联书店', 610.8, '//img3m3.ddimg.cn/1/8/28980073-1_w_4.jpg', '依据“晚年定稿”，还原木心作品本貌，完整作品首次集结成套，收录陈丹青“听课笔记”手稿内容，由陆智昌设计全新装帧，布面精装素净典雅', '2022-05-07 10:36:04', '2022-05-07 10:36:04', 1, 0);
INSERT INTO `book` VALUES (1521453234318256272, 1521453234854567888, '拆掉思维里的墙（白金升级版）', '古典', '中信出版社', 44.2, '//img3m5.ddimg.cn/38/14/29315225-1_w_18.jpg', '【樊登、俞敏洪、张德芬、傅盛、彭凯平、史欣悦推荐】 “个人跃迁三部曲” 重磅启航 思维可拆墙，人生能跃迁！', '2022-05-07 10:36:31', '2022-05-07 10:36:31', 1, 0);
INSERT INTO `book` VALUES (1521453234327701222, 1521453234854567999, '思维模型（成甲、采铜倾情推荐！帮你理解200多个重要的跨学科思维模型！）', '加布里·温伯格', '浙江教育出版社', 48.9, '//img3m8.ddimg.cn/18/26/29372328-1_w_6.jpg', '深度理解世界本质、重新定位人生坐标。麻省理工学院加布里埃尔·温伯格、劳伦·麦肯，系统分类、解释了200多个跨学科的重要思维模型，让我们在复杂世界里，精准解决问题，正确做出决策，实现复利人生。', '2022-05-07 10:11:04', '2022-05-07 10:11:04', 1, 0);
INSERT INTO `book` VALUES (1521453234330301482, 1521453234854564569, '那不勒斯四部曲（当当独家函套版，套装共4册，我的天才女友新名字的故事离开的留下的失踪的孩子，HBO青春大剧上映两个女人50年的友谊和战争）', '埃莱娜·费兰特', '人民文学出版社', 237.9, '//img3m5.ddimg.cn/30/0/29166915-1_w_12.jpg', '当当独家函套版！我的天才女友+新名字的故事+离开的,留下的+失踪的孩子。“我的整个生命，只是一场为了提升社会地位的低俗斗争”—— 埃莱娜 费兰', '2022-05-07 10:34:04', '2022-05-07 10:34:04', 1, 0);
INSERT INTO `book` VALUES (1521453234341802563, 1521453234854567896, '学Python 不加班 轻松实现办公自动化', '何华平', '人民邮电出版社', 91.1, '//img3m8.ddimg.cn/57/12/29261388-1_w_6.jpg', 'Python编程快速上手零基础入门实践教程，用Python处理Excel、Word、PPT、PDF、图像文件，提升职场办公效率，解决办公难题，附赠学习资源和教学视频', '2022-05-07 10:36:53', '2022-05-07 10:36:53', 1, 0);
INSERT INTO `book` VALUES (1521453234346066230, 1521453234854567937, '德鲁克 管理的实践', '彼得·德鲁克', '机械工业出版社', 59.4, '//img3m6.ddimg.cn/45/14/25580556-1_w_5.jpg', '学管理，读“德鲁克”！豆瓣评分9.4。畅销全球50年，百万中国管理者的共同选择，长期占据管理书畅销榜。内容浅显易懂，系统讲述了管理的基本观念。', '2022-05-07 10:37:20', '2022-05-07 10:37:20', 1, 0);
INSERT INTO `book` VALUES (1521453234346884357, 1521453234854567999, '底层逻辑（当当专享签名版， 畅销书作家+青年导师李尚龙、刘媛媛、张萌等鼓掌推荐，随书赠价值129元的“爆款写作课”）', '吕白', '湖南文艺出版社', 33.1, '//img3m0.ddimg.cn/59/23/29297030-1_w_5.jpg', '95后毕业新人从月薪3000到年入百万的人生逆袭指南', '2022-05-07 10:11:05', '2022-05-07 10:11:05', 1, 0);
INSERT INTO `book` VALUES (1521453234348201877, 1521453234854567937, '写方案其实是解决问题', 'June', '电子工业出版社', 65.2, '//img3m8.ddimg.cn/18/12/29390148-1_w_9.jpg', '10年运营高手方案写作的复盘迭代，1个思维公式+4大步骤，满足你在9大场景下的方案写作需要， 让你从此轻松写方案，不再找模板！', '2022-05-07 10:37:17', '2022-05-07 10:37:17', 1, 0);
INSERT INTO `book` VALUES (1521453234350233846, 1521453234854567999, '一页纸唤醒学习力', '王健文', '电子工业出版社', 35.2, '//img3m1.ddimg.cn/64/17/29370691-1_w_14.jpg', '快速记忆公式，掌握笔记技术，提升学习效率，提升你的思维能力', '2022-05-07 10:11:04', '2022-05-07 10:11:04', 1, 0);
INSERT INTO `book` VALUES (1521453234372662272, 1521453234854567937, '疯传：让你的产品、思想、行为像病毒一样入侵（经典平装版） 团购电话:4001066666转6', 'Jonah', '电子工业出版社', 52.2, '//img3m1.ddimg.cn/86/26/28535351-1_w_9.jpg', '沃顿商学院教授再造畅销全球的营销经典，李光斗亲自作序，全球知名人士及媒体联袂点评，重印几十次，樊登博士力荐！（2020全新经典平装版上市）', '2022-05-07 10:37:21', '2022-05-07 10:37:21', 1, 0);
INSERT INTO `book` VALUES (1521453234374176006, 1521453234854567937, '商业的本质', '杰克·韦尔奇', '中信出版社', 36.7, '//img3m5.ddimg.cn/13/0/23919205-1_w_5.jpg', '“全球杰出CEO”杰克·韦尔奇继管理圣经《赢》之后潜心10年，封笔之作。致敬工业时代，回归商业本质。经济增长放缓，公司如何在互联网时代成为赢者？韦尔奇支招中国企业实现增长的6大工具', '2022-05-07 10:37:20', '2022-05-07 10:37:20', 1, 0);
INSERT INTO `book` VALUES (1521453234378700143, 1521453234854567937, '苏世民：我的经验与教训', '苏世民', '中信出版社', 63.7, '//img3m1.ddimg.cn/42/25/28515111-1_w_9.jpg', '2020，读桥水，看黑石，一本书读懂苏世民的投资人生，复制黑石创始人投资、管理、创业、人生精进的成功哲学。25条工作和生活原则、成功人生的10大信条、苏世民成功投资的15条法则，带领黑石走向成功的10', '2022-05-07 10:37:20', '2022-05-07 10:37:20', 1, 0);
INSERT INTO `book` VALUES (1521453234380486246, 1521453234854567999, '学习天性', '乔·博勒', '中国友谊出版公司', 39.6, '//img3m3.ddimg.cn/24/32/29383323-1_w_5.jpg', '影响美国校园教育的学习理念。斯坦福大学教育学教授乔·博勒深度研究学习规律，结合神经学和心理学，分享打开高效学习底层逻辑的6把钥匙。《终身成长》作者卡罗尔·德韦克、成甲、李柘远、桂先学姐诚意推荐', '2022-05-07 10:11:04', '2022-05-07 10:11:04', 1, 0);
INSERT INTO `book` VALUES (1521453234381717221, 1521453234854567896, '利用Python进行数据分析（原书第2版）', '韦斯·麦金尼', '机械工业出版社', 77.4, '//img3m7.ddimg.cn/3/33/25312917-1_w_9.jpg', 'Python数据分析经典畅销书全新升级，第1版中文版累计销售100000册 Python pandas创始人亲自执笔，Python语言的核心开发人员鼎立推荐 针对Python 3.6进行全面修订和更新', '2022-05-07 10:36:53', '2022-05-07 10:36:53', 1, 0);
INSERT INTO `book` VALUES (1521453234381741335, 1521453234854567937, '一生的旅程：迪士尼CEO自述（比尔盖茨罕见2000字推荐神级领导力教科书！请比我优秀的人为我工作！团购电话4001066666转6）', '罗伯特·艾格', '文汇出版社', 88, '//img3m4.ddimg.cn/72/5/29126664-1_w_24.jpg', '豆瓣2020年度商业图书。比尔盖茨送给微软CEO年度读物。迪士尼CEO自述如何请比我优秀的人为我工作！10大领导力原则，45条处世哲学成就平民CEO！现象级畅销书，席卷美英等20个国家！读客熊猫君出品', '2022-05-07 10:37:19', '2022-05-07 10:37:19', 1, 0);
INSERT INTO `book` VALUES (1521453234383686031, 1521453234854567896, '三江源国家公园自然图鉴 （700多个高原物种，1000多张精美图片，呈现壮阔土地上的缤纷生命！“天际线”丛书）', '王湘国', '译林出版社', 81, '//img3m6.ddimg.cn/20/33/29362826-1_w_4.jpg', '700多个高原物种，1000多张精美图片，呈现壮阔土地上的缤纷生命', '2022-05-07 10:36:54', '2022-05-07 10:36:54', 1, 0);
INSERT INTO `book` VALUES (1521453234385653422, 1521453234854564569, '克拉拉与太阳（比尔·盖茨2021年度书单，诺贝尔文学奖得主石黑一雄新书）', '石黑一雄', '上海译文出版社', 42.9, '//img3m0.ddimg.cn/40/13/29197120-1_w_40.jpg', '豆瓣2021年度ZUI受关注图书！诺贝尔文学奖得主石黑一雄 zui新长篇小说 全球同步出版', '2022-05-07 10:34:08', '2022-05-07 10:34:08', 1, 0);
INSERT INTO `book` VALUES (1521453234400776007, 1521453234854567937, '金融模式：深入解析金融巨头兴衰成败的底层逻辑', '任泽平', '中译出版社（原中国对外翻译出版公司）', 59.2, '//img3m9.ddimg.cn/82/3/29390509-1_w_3.jpg', '著名经济学家任泽平重磅新作！ 全景展现世界百年金融商业模式的变迁， 深入解析金融巨头兴衰成败的底层逻辑。 江南春、樊登、吴晓波、梁建章、秦朔、刘润、管清友、郝景芳联袂推荐！', '2022-05-07 10:37:17', '2022-05-07 10:37:17', 1, 0);
INSERT INTO `book` VALUES (1521453234401866475, 1521453234854567999, '愿你温柔且坚，可攻亦可守（当当专享亲笔签名本！周冲暌违5年力作！煮人间烟火，抚七情六欲）', '周冲', '北京联合出版有限公司', 44.1, '//img3m0.ddimg.cn/6/25/29335290-1_w_20.jpg', '华语人气作家周冲暌违5年力作！百万粉丝欣喜期待！锅碗瓢盆盛着的是人间味，油盐酱醋寄托的是世间光阴，在热腾腾的烟火中，愿你依然相信人间值得！随书附赠趣味美好“小人间”贴纸。', '2022-05-07 10:11:06', '2022-05-07 10:11:06', 1, 0);
INSERT INTO `book` VALUES (1521453234402428308, 1521453234854567777, '在峡江的转弯处：陈行甲人生笔记 （当当专享亲笔信随机派发，南方周末、万圣书园2021十大好书）', '陈行甲', '人民日报出版社', 48, '//img3m0.ddimg.cn/23/0/29355800-1_w_12.jpg', '经历过辉煌与荒芜，忠于灵魂，重启人生。 他的人生之路，远看是前行，近看是归乡。', '2022-05-07 10:36:00', '2022-05-07 10:36:00', 1, 0);
INSERT INTO `book` VALUES (1521453234403303473, 1521453234854567999, '时间是良药（96岁“最高龄在职药剂师”荣子奶奶开给人生的绝妙“心药方”。不焦虑、不内卷，时间从不辜负认真生活的人。）', '比留间荣子', '北京联合出版有限公司', 42.4, '//img3m3.ddimg.cn/57/9/29304453-1_w_9.jpg', '当你厌倦了生活，想要躺下；当你身处焦虑时代，和身边人一样疯狂内卷；当你觉得工作遭遇瓶颈，难有起色；当你被人际关系所累，劳心伤神，就看这本书！', '2022-05-07 10:11:05', '2022-05-07 10:11:05', 1, 0);
INSERT INTO `book` VALUES (1521453234406786772, 1521453234854567999, '蔡康永的说话之道套装 全2册（当当亲笔签名版，蔡康永2020年亲自修订升级版）', '蔡康永', '湖南文艺出版社', 85.8, '//img3m4.ddimg.cn/44/28/28984274-1_w_9.jpg', '热销500万册的国民阅读经典！蔡康永代表作！', '2022-05-07 10:11:03', '2022-05-07 10:11:03', 1, 0);
INSERT INTO `book` VALUES (1521453234410305600, 1521453234854564569, '头等舱的贼（当当独享签名版）中国版《坏血》揭秘波谲云诡的创业骗局', '永城', '作家出版社', 43.5, '//img3m1.ddimg.cn/80/33/29216861-1_w_3.jpg', '资深国际商业调查师撰写中国版《坏血》！ 揭秘商业潜规则背后波谲云诡的创业骗局。 看小贼跳出资本游戏，玩转财富世界！ 衣香鬓影、觥筹交错，上流社会浮华之下，谁为钓手，谁为饵？', '2022-05-07 10:34:08', '2022-05-07 10:34:08', 1, 0);
INSERT INTO `book` VALUES (1521453234412813157, 1521453234854567888, '掌控演讲（独家签名版）汪涵推荐', '陈飞', '中信出版社', 44.2, '//img3m9.ddimg.cn/38/19/29217809-1_w_12.jpg', '汪涵推荐！关键时刻轻松表达，让演讲力成为你的人生财富。掌控了演讲，也就掌控了人生。', '2022-05-07 10:36:30', '2022-05-07 10:36:30', 1, 0);
INSERT INTO `book` VALUES (1521453234420326420, 1521453234854567777, '下个十年，换个活法（让每个人都找回真正属于自己的人生道路，下个十年，只和想做的事情在一起！）', '王鲁彬', '北京联合出版有限公司', 42.5, '//img3m1.ddimg.cn/61/18/29390191-1_w_16.jpg', '精力旺盛的创业女性、温柔全能的全职妈妈、文艺小资的职场白领，一个关于三位女生互帮互助，重找未来人生路故事。下个十年，只和想做的事情在一起。', '2022-05-07 10:36:02', '2022-05-07 10:36:02', 1, 0);
INSERT INTO `book` VALUES (1521453234427473816, 1521453234854567888, '如何成为一个会学习的人（同时提高专注力、记忆力和思考力的高效学习法 ）', '粂原圭太郎', '长江文艺出版社', 46, '//img3m3.ddimg.cn/55/26/29174563-1_w_24.jpg', '不强迫，不应付，从被动学习变主动思考，和学习拖延症说拜拜，快速解锁费曼学习法核心技能，同时提高你的专注力、记忆力和思考力，不断变化的时代，只有终身学习者才不会被淘汰。', '2022-05-07 10:36:29', '2022-05-07 10:36:29', 1, 0);
INSERT INTO `book` VALUES (1521453234430063865, 1521453234854567888, '学习天性', '乔·博勒', '中国友谊出版公司', 39.6, '//img3m3.ddimg.cn/24/32/29383323-1_w_5.jpg', '影响美国校园教育的学习理念。斯坦福大学教育学教授乔·博勒深度研究学习规律，结合神经学和心理学，分享打开高效学习底层逻辑的6把钥匙。《终身成长》作者卡罗尔·德韦克、成甲、李柘远、桂先学姐诚意推荐', '2022-05-07 10:36:29', '2022-05-07 10:36:29', 1, 0);
INSERT INTO `book` VALUES (1521453234430680331, 1521453234854567777, 'N号房追踪记（震惊全球的网络性犯罪，韩国N号房事件直击实录）', '追踪团火花', '湖南文艺出版社', 53.5, '//img3m1.ddimg.cn/38/14/29359181-1_w_2.jpg', '震惊全球的网络性犯罪，韩国N号房事件直击实录。', '2022-05-07 10:36:02', '2022-05-07 10:36:02', 1, 0);
INSERT INTO `book` VALUES (1521453234434262523, 1521453234854562367, '骨骼之美  逝去之物见生命之华，“自然”中现“大美”。艺术与科学的结合，侘寂美学与演化之道的碰撞', '汤泽英治', '北京联合出版有限公司', 193.5, '//img3m6.ddimg.cn/28/15/29201266-1_w_11.jpg', '传奇摄影师的 218 幅高清作品，动物学家的 16 万字翔实撰述 让双目触摸 129 种动物骨骼的结构与质感、力量与温度 赏造化之惊奇，探生命之秘境 黑白韵律谱写脊椎动物千年演化史诗', '2022-05-07 10:37:39', '2022-05-07 10:37:39', 1, 0);
INSERT INTO `book` VALUES (1521453234435106481, 1521453234854564569, '莫言长篇小说全集（全11册礼盒装 2020修订升级版）', '莫言', '浙江文艺出版社', 424.8, '//img3m5.ddimg.cn/96/14/28990365-1_w_2.jpg', '诺贝尔文学奖得主莫言全部长篇小说独家授权； 2020全新修订升级 以更精致，更有质感的纸张，更富现代感的设计 凸显莫言作品的厚重、典雅、大气', '2022-05-07 10:34:06', '2022-05-07 10:34:06', 1, 0);
INSERT INTO `book` VALUES (1521453234437773284, 1521453234854567999, '被讨厌的勇气：“自我启发之父”阿德勒的哲学课 岸见一郎', '岸見一郎', '机械工业出版社', 30, '//img3m2.ddimg.cn/33/26/28518072-1_w_7.jpg', '“自我启发之父”阿德勒的哲学课,蔡康永、张德芬、大张伟、陈文茜、曾宝仪、勇气推荐！日本亚马逊2014年度销售冠军，连续300天雄踞销售榜首！腰封各个印次印刷内容可能有所不同，以实物为准，内文一致', '2022-05-07 10:11:03', '2022-05-07 10:11:03', 1, 0);
INSERT INTO `book` VALUES (1521453234442272626, 1521453234854567888, '断舍离·人生清单（随机发出当当签章版，粉丝送给张艺兴的书，畅销900万册生活美学“断舍离”书系经典作品）', '山下英子', '湖南文艺出版社', 42.9, '//img3m3.ddimg.cn/15/32/29210163-1_w_15.jpg', '林依晨推荐。如果把明天当成生命的终点，如何更好地活在当下，让自己的人生过得轻松而不留遗憾。用“人生清单”自省，践行人生必不可少的10个断舍离。', '2022-05-07 10:36:28', '2022-05-07 10:36:28', 1, 0);
INSERT INTO `book` VALUES (1521453234442367100, 1521453234854567937, '能断金刚：超凡的经营智慧（《当和尚遇到钻石》十周年增订版）新版', '麦克·罗奇', '江西人民出版社', 47.6, '//img3m2.ddimg.cn/75/11/29303382-1_w_14.jpg', '这本书向我们展示了一个不一样的视角，他告诉我们：赚钱与修行并不妨碍，如果你觉得有妨碍，可能是心有执念', '2022-05-07 10:37:21', '2022-05-07 10:37:21', 1, 0);
INSERT INTO `book` VALUES (1521453234444005865, 1521453234854567896, '哲人石丛书珍藏版（套装20册）', '伊利亚·普里戈金', '上海科技教育出版社', 1104, '//img3m1.ddimg.cn/57/34/29205651-1_w_12.jpg', '', '2022-05-07 10:36:55', '2022-05-07 10:36:55', 1, 0);
INSERT INTO `book` VALUES (1521453234445354632, 1521453234854564569, '罪念（当当专享签名本）', '刚雪印', '中国友谊出版公司', 32.4, '//img3m1.ddimg.cn/43/17/26512441-1_w_3.jpg', '当当独家签名本。畅销小说家刚雪印继《犯罪心理档案》系列后，重磅出击，罪恶之下，洞悉人心；刺激烧脑，峰回路转！解密连环杀手的犯罪心理！', '2022-05-07 10:34:10', '2022-05-07 10:34:10', 1, 0);
INSERT INTO `book` VALUES (1521453234446723747, 1521453234854564569, '平原客( 精装典藏版，茅盾文学奖得主李佩甫2017中国好书，中国长篇小说年度金榜)', '李佩甫', '花城出版社', 59.5, '//img3m1.ddimg.cn/34/20/28512331-1_w_8.jpg', '第九届茅盾文学奖得主李佩甫继《城的灯》《生命册》后全新力作', '2022-05-07 10:34:08', '2022-05-07 10:34:08', 1, 0);
INSERT INTO `book` VALUES (1521453234457483311, 1521453234854564569, '沧浪之水（某瓣8.5分，入围茅盾文学奖。职场小白、考公人的启蒙之书。胡军、于和伟主演电视剧岁月原著。2021版）', '阎真', '北京十月文艺出版社', 49, '//img3m2.ddimg.cn/67/17/29270902-1_w_9.jpg', '阎真长篇小说代表作，长销20年。一本可以帮你找到立足之地的人生之书。每个迷茫的职场人，都能在这本书中找到答案。胡军、于和伟主演高分国剧原著。', '2022-05-07 10:34:08', '2022-05-07 10:34:08', 1, 0);
INSERT INTO `book` VALUES (1521453234460581162, 1521453234854567777, '君生我未生（一部满怀深情的航天科学家的妻子写给一生挚爱的回忆录）', '张严平', '文化发展出版社', 41.7, '//img3m9.ddimg.cn/29/0/29335709-1_w_22.jpg', '麦家陪你读书推荐，收录35幅未公开私藏相片与书信照片，好的爱情，藏于那些点滴细节中，一部充满真情的纪实文学。', '2022-05-07 10:36:03', '2022-05-07 10:36:03', 1, 0);
INSERT INTO `book` VALUES (1521453234464723500, 1521453234854562367, '培生艺术史套装（精装全6册）', '大卫·G.威尔金斯', '重庆大学出版社', 445.5, '//img3m8.ddimg.cn/21/2/26441238-1_w_5.jpg', '美国高等院校通用艺术史读本。从史前到21世纪全世界范围内的绘画、雕塑、建筑、摄影、设计、工艺美术、民俗艺术、行为艺术等。以东西方平行叙事的方式讲述世界多元的艺术史。', '2022-05-07 10:37:39', '2022-05-07 10:37:39', 1, 0);
INSERT INTO `book` VALUES (1521453234466813212, 1521453234854564569, '十种寂寞（简媜新书，独家签名）', '简媜', '中信出版社', 36, '//img3m3.ddimg.cn/63/10/29277333-1_w_16.jpg', '【签名本】简媜写作三十余年，珍藏短篇小说集大陆首度面世，用深具体感温度的书写，刨开掺甜放盐的人生。', '2022-05-07 10:34:04', '2022-05-07 10:34:04', 1, 0);
INSERT INTO `book` VALUES (1521453234468173874, 1521453234854567777, '大地五部曲（全5册，回望历史，体察当下，叩问未来。书写中国大地的宏大史诗。谢冕、秦兆基、邹岳汉、王志清、龚旭东作序推荐。）', '罗长江', '山东人民出版社', 358.2, '//img3m1.ddimg.cn/87/7/29346261-1_w_8.jpg', '国家一级作家罗长江十年磨一剑，成就散文诗恢宏巨制。以“乡土文明”“国家记忆”“城市嬗变”“生态文明”“人类梦想”为主题。体现大时代中之大情怀，立足大地，直抵心灵。', '2022-05-07 10:36:03', '2022-05-07 10:36:03', 1, 0);
INSERT INTO `book` VALUES (1521453234470120674, 1521453234854567896, '视觉SLAM十四讲：从理论到实践（第2版）', '高翔', '电子工业出版社', 103.7, '//img3m0.ddimg.cn/80/33/27909170-1_w_12.jpg', '高博个性签名限量！SLAM华语原创首著升级版！彩色插图|更多实例|更深内容|更完善的工程项目|更易懂的表达。余凯谭平等业内大咖力荐！', '2022-05-07 10:36:54', '2022-05-07 10:36:54', 1, 0);
INSERT INTO `book` VALUES (1521453234472022536, 1521453234854567896, '数学女孩5 伽罗瓦理论', '结城浩', '人民邮电出版社', 66.1, '//img3m6.ddimg.cn/50/17/29217326-1_w_9.jpg', '日本数学会强力推荐，好玩迷人的数学科普书，看青春小说学硬核数学，原版全系列累计销量突破52万册，初高中生以及成人阅读', '2022-05-07 10:36:54', '2022-05-07 10:36:54', 1, 0);
INSERT INTO `book` VALUES (1521453234472728305, 1521453234854567999, '成为学霸:培养高分逆袭的考试脑思维（当当专享签名版+周计划本！九三学长带你摆脱假努力！）', '九三学长', '北京联合出版有限公司', 39.6, '//img3m2.ddimg.cn/29/29/29380952-1_w_1.jpg', '摆脱假努力，学霸有方法。学习的本质+三种思维模型+学习技巧，全网500万粉丝的知识博主九三学长手把手助你少熬夜、少刷题，快速提高成绩。张雪峰、杨晓燕、牛萌、辰薇诚意推荐。', '2022-05-07 10:11:04', '2022-05-07 10:11:04', 1, 0);
INSERT INTO `book` VALUES (1521453234474050242, 1521453234854567777, '人生第一次（感动TFBOYS-王源，阿云嘎，王耀庆的人生故事。高口碑纪录片同名授权书籍，收录全片精华内容）', '人生第一次', '百花洲文艺出版社', 53.1, '//img3m2.ddimg.cn/80/27/29328632-1_w_12.jpg', '（新增11位明星讲述人及12篇导演手记，出生、上学、长大、当兵、上班、结婚、进城、买房、相守、退休、养老、告别......许许多多个“DI一 次”串联起了我们的一生图鉴。白马时光）', '2022-05-07 10:36:03', '2022-05-07 10:36:03', 1, 0);
INSERT INTO `book` VALUES (1521453234475774105, 1521453234854564569, '乔家的儿女（白宇、毛晓彤、宋祖儿等领衔主演电视剧原著小说）', '未夕', '浙江文艺出版社', 32.3, '//img3m5.ddimg.cn/8/32/28552895-1_w_41014.jpg', '（关注“星文图书”官方微博，详情见本页抽奖信息。正午阳光同名电视剧原著小说，全新修订版。讲述亲情与成长的经典之作，人间烟火版《大江大河》。所谓家人，就是生命中有些痛苦，他们相互给予，却又相互治愈）', '2022-05-07 10:34:07', '2022-05-07 10:34:07', 1, 0);
INSERT INTO `book` VALUES (1521453234478312215, 1521453234854567937, '清单革命 （经典版）', '阿图.葛文德', '北京联合出版有限公司', 36.3, '//img3m2.ddimg.cn/48/35/25179312-1_w_9.jpg', '川航机长成功备降——《清单革命》的真实写照。席卷全球的观念革命！全球思想家正在读的20本书之一（团购，请致电：010-57993380）', '2022-05-07 10:37:21', '2022-05-07 10:37:21', 1, 0);
INSERT INTO `book` VALUES (1521453234483233817, 1521453234854567888, '呼吸04：珍惜吧，日常的光', 'Breathe', '中信出版社', 48.3, '//img3m6.ddimg.cn/4/1/29380036-1_w_3.jpg', '正念生活读物，心理学家李松蔚担纲中文版主编，重新发现生活中的微小成就与感动！一本帮你平衡身心的正念启发书，让我们一起把每个日子过成良辰！', '2022-05-07 10:36:30', '2022-05-07 10:36:30', 1, 0);
INSERT INTO `book` VALUES (1521453234487058468, 1521453234854567937, '赋能：打造应对不确定性的敏捷团队（团购请致电010-57993380）', '斯坦利·麦克里斯特尔', '中信出版社', 37.5, '//img3m7.ddimg.cn/97/16/25173817-1_w_7.jpg', '任正非号召17万华为员工像美军学习，《赋能》教你从0到1打造强悍如美军的团队！美国本土销售200000册，备受苹果、Facebook等公司推崇！《史蒂夫?乔布斯传》《习惯的力量》作者倾情作序。', '2022-05-07 10:37:21', '2022-05-07 10:37:21', 1, 0);
INSERT INTO `book` VALUES (1521453234488614687, 1521453234854567777, '臧棣诗系：精灵学简史（限量当当签名本，先到先得，售完即止！）', '臧棣', '广西师范大学出版社', 58.5, '//img3m5.ddimg.cn/25/0/29388175-1_w_2.jpg', '诗是对生命感觉的捍卫。舒婷、奚密、李敬泽、柏桦、杨炼、唐晓渡、洪子诚、江弱水、西渡、王敖、陈先发等联袂推荐。', '2022-05-07 10:36:02', '2022-05-07 10:36:02', 1, 0);
INSERT INTO `book` VALUES (1521453234501570713, 1521453234854567888, '一页纸唤醒学习力', '王健文', '电子工业出版社', 35.2, '//img3m1.ddimg.cn/64/17/29370691-1_w_14.jpg', '快速记忆公式，掌握笔记技术，提升学习效率，提升你的思维能力', '2022-05-07 10:36:28', '2022-05-07 10:36:28', 1, 0);
INSERT INTO `book` VALUES (1521453234503686180, 1521453234854567937, '贝佐斯的数字帝国：亚马逊如何实现指数级增长', '拉姆·查兰', '机械工业出版社', 49.5, '//img3m1.ddimg.cn/8/7/28534481-1_w_3.jpg', '拉姆·查兰新作！揭秘贝佐斯用六大模块打造亚马逊的数字帝国。读懂了亚马逊，便看清了企业数字化的未来。龚宇、唐宁、姚劲波、南立新联袂力荐。美团王兴8 次内部分享其著作领导梯队', '2022-05-07 10:37:20', '2022-05-07 10:37:20', 1, 0);
INSERT INTO `book` VALUES (1521453234505371611, 1521453234854564569, '如何杀死我最好的朋友（豆瓣 ONE知乎超人气作家 “金句大神”宋小君黑色幽默小说集）', '宋小君', '中国友谊出版公司', 34.8, '//img3m6.ddimg.cn/90/26/29351016-1_w_7.jpg', '20亿次阅读量《玩命爱一个姑娘》作者宋小君，与大冰 张嘉佳韩寒同获第十一届影响力作家。十五个直指人心的故事，哭啊！笑啊！敬这个荒诞的人间！', '2022-05-07 10:34:09', '2022-05-07 10:34:09', 1, 0);
INSERT INTO `book` VALUES (1521453234507053202, 1521453234854564569, '房思琪的初恋乐园 （专享限量手册）', '林奕含', '北京联合出版有限公司', 32.4, '//img3m5.ddimg.cn/67/20/29139925-1_w_6.jpg', '李银河、戴锦华、张悦然、蒋方舟、冯唐等郑重推荐！ 打动万千读者的年度华语小说。简体版正式授权！尊重作者版权请购买正版！', '2022-05-07 10:34:07', '2022-05-07 10:34:07', 1, 0);
INSERT INTO `book` VALUES (1521453234512277831, 1521453234854562367, '手机摄影从小白到大师', '王鹏鹏', '北京大学出版社', 64.2, '//img3m5.ddimg.cn/61/2/25583245-1_w_6.jpg', '手机摄影，超乎你的想象！', '2022-05-07 10:37:39', '2022-05-07 10:37:39', 1, 0);
INSERT INTO `book` VALUES (1521453234514132240, 1521453234854567888, '内在自信 如何战胜形形色色的畏惧心理', '曼迪·霍尔盖特', '人民邮电出版社', 57.3, '//img3m4.ddimg.cn/53/0/29156444-1_w_8.jpg', '成功励志书，兼具可读性、实操性、科学性，基于科学的理论研究，掌握和运用获得持久的内在自信的策略，随书附赠内在自信力思维导图。黄峥、都靓、刘媛媛等推荐。', '2022-05-07 10:36:32', '2022-05-07 10:36:32', 1, 0);
INSERT INTO `book` VALUES (1521453234517808761, 1521453234854567896, '复分析：可视化方法', '特里斯坦·尼达姆', '人民邮电出版社', 159, '//img3m4.ddimg.cn/8/27/29203424-1_w_13.jpg', '牛津大学博士旧金山大学教授特里斯坦·尼达姆力作，由数学家、数学教育家齐民友翻译，是复分析领域之名著，开创了数学领域的可视化潮流，可用作本科研究生教材。', '2022-05-07 10:36:54', '2022-05-07 10:36:54', 1, 0);
INSERT INTO `book` VALUES (1521453234526115261, 1521453234854567937, '超级IP——个人品牌与知乎营销实战手册', '余味', '中国铁道出版社', 60.7, '//img3m9.ddimg.cn/85/6/29386849-1_w_3.jpg', '从0到1手把手教你打造个人品牌影响力，让你名利双收的知乎引流获利营销方法详述，全网学习量5000万+，来自200万+知乎网友的关注', '2022-05-07 10:37:17', '2022-05-07 10:37:17', 1, 0);
INSERT INTO `book` VALUES (1521453234536517207, 1521453234854567937, '王志纲论战略:关键阶段的重大抉择', '王志纲', '机械工业出版社', 71.4, '//img3m1.ddimg.cn/58/7/29288911-1_w_9.jpg', '时局变幻，大至国家、中至企业、小至个体，都处在关键转折阶段，面临重大战略抉择。本书历时两年五次修订，堪称战略领域的殿堂级作品。中国本土战略咨询开创者和领军人物王志纲先生力作！龙永图、周其仁重磅推荐！', '2022-05-07 10:37:19', '2022-05-07 10:37:19', 1, 0);
INSERT INTO `book` VALUES (1521453234538473822, 1521453234854567888, '把自己当回事儿（杨天真的沟通秘籍！蔡康永、樊登、罗永浩真挚推荐，李诞、马伊琍、脱不花诚意作序。）', '杨天真', '北京联合出版有限公司', 35.5, '//img3m0.ddimg.cn/54/2/29215350-1_w_9.jpg', '所有的沟通都是从读懂自己开始，一本所有人都需要的“沟通说明书”！', '2022-05-07 10:36:27', '2022-05-07 10:36:27', 1, 0);
INSERT INTO `book` VALUES (1521453234542285705, 1521453234854564569, '没药花园案件：罪恶追踪（当当专享定制环衬+案件梳理手册，百万粉丝追更的悬疑品牌【没药花园】真实案件系列书第二部！）', '没药花园', '湖南文艺出版社', 42.9, '//img3m6.ddimg.cn/69/1/29287536-1_w_7.jpg', '百万粉丝追更的悬疑品牌【没药花园】真实案件系列书第二部！搜集公开的庭审资料和媒体报道，重新讲述10个轰动的真实案件。追踪真实罪恶，重启案件现场。', '2022-05-07 10:34:04', '2022-05-07 10:34:04', 1, 0);
INSERT INTO `book` VALUES (1521453234544234516, 1521453234854567777, '白色记事簿2（当当专享异型书签，“魔宙”旗下非虚构品牌“天才捕手计划”重磅作品，“医院奇闻录”纪实系列，引发无数粉丝共鸣的高口碑之作）', '陈拙', '湖南文艺出版社', 50.1, '//img3m9.ddimg.cn/10/2/29356579-1_w_7.jpg', '魔宙“天才捕手计划”重磅医院纪实作品：7名一线医护，1位调查记者，关于人类与疾病抗争的真实记录。一线医护视角，带你了解普通人无法接触的生死场。每个为疾病担忧的人都应一读！', '2022-05-07 10:36:02', '2022-05-07 10:36:02', 1, 0);
INSERT INTO `book` VALUES (1521453234546502013, 1521453234854567937, '增长黑客：如何低成本实现爆发式成长', '肖恩·埃利斯', '中信出版社', 42.5, '//img3m3.ddimg.cn/43/20/25183663-1_w_12.jpg', '“增长黑客之父”重磅之作，“樊登读书会”解读。不管创业公司还是传统企业，增长是存活的关键。增长黑客就是通过不断测试与迭代，利用数据分析用户的偏好，以极低的成本获得用户、激活睡眠用户并实现变现。', '2022-05-07 10:37:21', '2022-05-07 10:37:21', 1, 0);
INSERT INTO `book` VALUES (1521453234546578330, 1521453234854567888, '情绪自控（摆脱内耗体质，找到不焦虑的活法。情绪工作者李筱懿，教你如何掌控情绪！）', '李筱懿', '上海文艺出版社', 49.8, '//img3m8.ddimg.cn/56/6/29340488-1_w_6.jpg', '敏感、易怒、焦虑……10种失控的情绪逐一化解。林黛玉、简爱、甄嬛……10类不同的性格逐个剖析。李筱懿用心理学干货，教你把情绪问题对号入座，附独家情绪管理方法和书单。吴晓波、伊能静、杨天真、傅首尔推荐。', '2022-05-07 10:36:31', '2022-05-07 10:36:31', 1, 0);
INSERT INTO `book` VALUES (1521453234547534731, 1521453234854567937, '深度工作:如何有效使用每一点脑力  共读书目', '卡尔·纽波特', '江西人民出版社', 30, '//img3m9.ddimg.cn/49/3/25092589-1_w_29.jpg', '', '2022-05-07 10:37:22', '2022-05-07 10:37:22', 1, 0);
INSERT INTO `book` VALUES (1521453234551077353, 1521453234854567937, '手机短视频拍摄、剪辑与运营变现从入门到精通', '雷波', '化学工业出版社', 74.9, '//img3m7.ddimg.cn/79/23/29250817-1_w_9.jpg', '短视频vlog拍摄剪辑制作，剪映教程、影视解说、直播带货、运营文案技巧大全', '2022-05-07 10:37:20', '2022-05-07 10:37:20', 1, 0);
INSERT INTO `book` VALUES (1521453234552307763, 1521453234854567888, '起床后的黄金1小时（风靡日本的1小时习惯改造法，助你成为自律、精进、高效的人。想过什么样的人生，就过什么样的早晨！）', '池田千惠', '北京日报出版社', 35.5, '//img3m9.ddimg.cn/64/33/29199619-1_w_38.jpg', '要么躺在床上等待生活的暴击，要么早起创造人生的奇迹。利用头脑活跃、身体状态ZUI好的早起黄金1小时，做“ZUI重要的事”。只需1小时，成为高效能人士，你拥有的不只是时间，更是一种成功的习惯！', '2022-05-07 10:36:29', '2022-05-07 10:36:29', 1, 0);
INSERT INTO `book` VALUES (1521453234554077040, 1521453234854567937, '事实（比尔.盖茨送给全美大学生的毕业礼物！比尔.盖茨逢人就推荐的热门大书！）', '汉斯·罗斯林', '文汇出版社', 88, '//img3m1.ddimg.cn/3/23/27866721-1_w_5.jpg', '比尔·盖茨送给全美大学生的毕业礼物。用数据思考，避免情绪化决策！颠覆你思维方式的神作，畅销近20个国家！《金融时报》《书单》《自然》等多家媒体赞誉，TED等演讲视频点击量突破2000万次！读客熊猫君出', '2022-05-07 10:37:18', '2022-05-07 10:37:18', 1, 0);
INSERT INTO `book` VALUES (1521453234555634258, 1521453234854567999, '你缺的不是努力，而是变现的能力：用准确努力撬动财富自由', '临公子', '中国友谊出版公司', 35.6, '//img3m5.ddimg.cn/96/5/28991355-1_w_5.jpg', '终结穷忙、豪横赚钱的实战干货秘籍，上班族如何抓住发展黄金期，让拼搏更有价值？插坐学院、36氪等大号高频转发！忙不是目的，努力不是为了感动自己！1年锻造核心竞争力，3年完成人生逆袭！', '2022-05-07 10:11:05', '2022-05-07 10:11:05', 1, 0);
INSERT INTO `book` VALUES (1521453234560125417, 1521453234854567888, '写给女人的醒脑书：女性活出漂亮人生的七堂格局课', '曾雅娴', '中国纺织出版社', 42.4, '//img3m4.ddimg.cn/22/2/29385994-1_w_5.jpg', '侯虹斌、坏蓝眼睛、金颖、庄秦联袂推荐！句句扎心，却给你改变的勇气；篇篇醍醐灌顶，令你打开格局，更自信笃定！', '2022-05-07 10:36:29', '2022-05-07 10:36:29', 1, 0);
INSERT INTO `book` VALUES (1521453234560838056, 1521453234854564569, '万物有灵且美（人民日报推荐，同名英剧热播。温暖欢乐无处不幽默）', '吉米·哈利', '九州出版社', 44.3, '//img3m2.ddimg.cn/61/14/29253472-1_w_21.jpg', '《人民日报》、编剧史航倾情推荐。豆瓣2021年度高分神剧《万物生灵》原著小说，英剧只拍了不到1/3的内容，少数能让英国女王开怀大笑的书之一，畅销自然写作经典。', '2022-05-07 10:34:06', '2022-05-07 10:34:06', 1, 0);
INSERT INTO `book` VALUES (1521453234567026663, 1521453234854567937, '可复制的领导力：樊登的9堂商业课（团购，请致电400-106-6666转6）', '樊登', '中信出版社', 31.8, '//img3m3.ddimg.cn/90/12/25189353-1_w_3.jpg', '樊登读书会”发起人樊登博士作品。100 000+用户亲测有效，北大总裁班、清华MBA、海尔、苏宁等都推崇的团队管理法则。每一位知识管理者都是领导者，卓有成效的领导可以学会！', '2022-05-07 10:37:19', '2022-05-07 10:37:19', 1, 0);
INSERT INTO `book` VALUES (1521453234568361884, 1521453234854567937, '极简市场营销：完整体系和落地打法', '胡超', '北京联合出版有限公司', 65.2, '//img3m4.ddimg.cn/68/31/29164874-1_w_7.jpg', '做好市场营销，这本就够了！源于世界经典理论的完整体系、经过市场实战锤炼的落地打法，实战派市场营销专家20多年超50亿元的理论积累与实践心得！8大经典模块、10个常用模型、6套管理报表、107个实战案例', '2022-05-07 10:37:21', '2022-05-07 10:37:21', 1, 0);
INSERT INTO `book` VALUES (1521453234570642843, 1521453234854567888, '你想与谁相伴一生？感动全球亿万人的暖心治愈绘本，《 你想过怎样的一生？》姐妹篇，告白/节日礼物！', '海克·法勒', '北京联合出版有限公司', 88.5, '//img3m0.ddimg.cn/43/16/29339980-1_w_14.jpg', '感动全球亿万人的治愈绘本 《你想过怎样的一生？》姐妹篇  致那些不小心走失的、或升华为爱情的、 有幸持续一生的友谊', '2022-05-07 10:36:29', '2022-05-07 10:36:29', 1, 0);
INSERT INTO `book` VALUES (1521453234572077704, 1521453234854567937, '德鲁克 卓有成效的管理者', '彼得.德鲁克', '机械工业出版社', 41.4, '//img3m9.ddimg.cn/12/6/27848019-1_w_10.jpg', '影响比尔.盖茨的工作智慧！让工作从此“卓有成效”！现代管理学之父经典之作，全球畅销1000万册，当之无愧的职场人案头书！如果你想知道如何高效工作，读这一本就够了！张瑞敏、陈春花鼎力推荐。', '2022-05-07 10:37:18', '2022-05-07 10:37:18', 1, 0);
INSERT INTO `book` VALUES (1521453234574627541, 1521453234854567937, '干法（平装本）', '稻盛和夫', '机械工业出版社', 29.4, '//img3m8.ddimg.cn/56/14/29298908-1_w_5.jpg', '“日本经营之圣”稻盛和夫被任正非、马云、张瑞敏、雷军点赞的企业家！全网累计销售量破150万册，凝结了稻盛和夫70多年的工作感悟, 诠释一切成功皆源自于热爱！', '2022-05-07 10:37:18', '2022-05-07 10:37:18', 1, 0);
INSERT INTO `book` VALUES (1521453234581728761, 1521453234854567777, '微尘（易中天、俞敏洪、史航、刘同、孙伊涵、小嘉感动推荐；作者入围2021深圳读书月年度致敬作者，《南方人物周刊》年度魅力人物）', '陈年喜', '天津人民出版社', 58, '//img3m9.ddimg.cn/84/14/29301609-1_w_12.jpg', '签名本随机掉落。陈年喜新作；21篇故事，50余位人物画像，从地下5000米到地上3000米，从北疆大漠到秦岭山川，从一地霜白到心中波澜，芸芸众生之于时代，仿佛一粒粒微尘散落。果麦出品', '2022-05-07 10:36:01', '2022-05-07 10:36:01', 1, 0);
INSERT INTO `book` VALUES (1521453234584315522, 1521453234854567999, '即断力：为什么当机立断的人更容易成功？香奈儿说：想要无可取代，就必须时刻与众不同', '小关尚纪', '北京联合出版有限公司', 44.9, '//img3m2.ddimg.cn/63/5/29341782-1_w_17.jpg', '敏捷时代突破思维和选择困局的策略，在任何领域都取得成功的高手习惯。剑指侵蚀果断的人性缺陷，4个标准步骤，助力你的人生扶摇直上，向上生长。', '2022-05-07 10:11:07', '2022-05-07 10:11:07', 1, 0);
INSERT INTO `book` VALUES (1521453234603258344, 1521453234854567937, '华为铁三角工作法：成就华为8900亿战绩的销售管理法则', '范厚华', '中信出版社', 51.7, '//img3m5.ddimg.cn/2/22/29313605-1_w_7.jpg', '任正非销售理念系统披露 ，华为前高管复盘系列。跟着学，你也能打造持续打胜仗的销售团队！人大商学院院长毛基业，浙大管理学院吴晓波教授诚挚推荐', '2022-05-07 10:37:21', '2022-05-07 10:37:21', 1, 0);
INSERT INTO `book` VALUES (1521453234603805485, 1521453234854567999, '有梗', '黄西', '天津科学技术出版社', 47.7, '//img3m9.ddimg.cn/85/9/28995799-1_w_30.jpg', '全美脱口秀冠军黄西的幽默沟通课快速提高幽默表达。黄西20年幽默生涯精华之作，4个演说工具12个沟通方法和17个幽默技巧，幽默感可以后天养成。后疫情时代，让幽默成为打败焦虑、悲观等不良情绪的武器', '2022-05-07 10:11:06', '2022-05-07 10:11:06', 1, 0);
INSERT INTO `book` VALUES (1521453234604767300, 1521453234854567896, '吴军数学通识讲义（原来数学可以这样用！文津图书奖得主吴军全新力作，一本写给所有人的数学通识讲义）', '吴军', '新星出版社', 69.3, '//img3m1.ddimg.cn/54/7/29224161-1_w_24.jpg', '罗振宇、刘润、施展联袂推荐，帮你读懂数学知识、学会数学方法、用好数学思维。', '2022-05-07 10:36:54', '2022-05-07 10:36:54', 1, 0);
INSERT INTO `book` VALUES (1521453234610255837, 1521453234854567777, '目光（亲笔签名本，2020年度中国好书，陶勇医生文学随笔）', '陶勇', '百花洲文艺出版社', 34.3, '//img3m2.ddimg.cn/31/18/29351452-1_w_5.jpg', '《令人心动的offer3》陶勇医生化身金句王，从医更多是使命和热爱本书包含了陶勇从医二十年来对人生的思考感悟，对生死的看法，对人性善恶的思辨，对放弃与坚守、少数与多数的选择，对医患关系的审视 白马时光', '2022-05-07 10:36:00', '2022-05-07 10:36:00', 1, 0);
INSERT INTO `book` VALUES (1521453234611054412, 1521453234854567777, '一地霜白（陈年喜限量签名版，当当专享，梁晓声、吴晓波推荐，感动全网故事集；作者入选《南方人物周刊》2021魅力人物“100张中国脸”）', '陈年喜', '山东文艺出版社', 44.2, '//img3m6.ddimg.cn/19/14/29353816-1_w_6.jpg', '陈年喜全新力作。签名本限量发售，两款书签随机送出。书写故园春秋、矿山生活、城市漂泊。描摹风物40余种，刻画人物60余位。是苦难之书，也是温暖之书，书写人间真实、人间清醒、人间有味、人间值得之书。', '2022-05-07 10:36:01', '2022-05-07 10:36:01', 1, 0);
INSERT INTO `book` VALUES (1521453234622840586, 1521453234854562367, '中国美术五千年（煌煌画卷，风雅传承，走进24朝5000年美的历程，清华大学教授写给大众的美术通识读本）', '杨琪', '中信出版社', 128, '//img3m8.ddimg.cn/39/2/29388288-1_w_7.jpg', '领悟中国人独有的审美范式，拥抱专属国人的艺术殿堂。中国之美从何而来？煌煌画卷，风雅传承，走进24朝5000年美的历程。清华大学教授写给大众的美术通识读本。一本书览尽五千年辉煌成就。', '2022-05-07 10:37:38', '2022-05-07 10:37:38', 1, 0);
INSERT INTO `book` VALUES (1521453234643053375, 1521453234854567888, '高情商沟通（周国平、吴晓波、李松蔚、剽悍一只猫诚意推荐！全国播音主持 “金话筒”奖得主青音，针对日常生活场景，教你有情商地说话）', '青音', '上海文艺出版社', 48.8, '//img3m8.ddimg.cn/81/16/29262798-1_w_12.jpg', '如何反抗父母“爱的操控”？如何说，领导才更喜欢听？怎么谈升职加薪？普通人如何拥有主播般的好声音？真实生动的案例+通俗易懂的心理学知识+专业实用的发声练习。内附26个声音练习音频。果麦出品', '2022-05-07 10:36:31', '2022-05-07 10:36:31', 1, 0);
INSERT INTO `book` VALUES (1521453234646154734, 1521453234854564569, '盗墓笔记套装（典藏纪念版共9册）（系列作品改编网剧《重启之极海听雷》正在优酷、爱奇艺热播）', '南派三叔', '上海文化出版社', 222.8, '//img3m3.ddimg.cn/8/33/27882863-1_w_15.jpg', '畅销百万册盗墓悬疑经典之作，南派三叔成名作盗墓笔记系列·秦岭神树·典藏纪念版震撼来袭。盗墓与悬疑并行，人心与诡意共生，当前盗墓小说的代表作品之一！随书赠送盗墓主题精美手账本。重启极海听雷来之前先看书。', '2022-05-07 10:34:06', '2022-05-07 10:34:06', 1, 0);
INSERT INTO `book` VALUES (1521453234647578853, 1521453234854567888, '钝感力（典藏版）', '渡边淳一', '青岛出版社', 50.3, '//img3m4.ddimg.cn/0/11/27875034-1_w_13.jpg', '聪明敏感的人进化自己的方向是拥有钝感力！《奇葩说》《令人心动的offer》《五十公里桃花坞》热播综艺鼎力推荐；央视新闻、人民日报、新京报', '2022-05-07 10:36:28', '2022-05-07 10:36:28', 1, 0);
INSERT INTO `book` VALUES (1521453234647843544, 1521453234854564569, '文城（余华新书，时隔8年重磅归来，《活着》之后又一精彩力作）', '余华', '北京十月文艺出版社', 35.4, '//img3m0.ddimg.cn/83/2/29199440-1_w_22.jpg', '余华时隔8年重磅新作！写《活着》的余华又回来了！人生就是自己的往事和他人的序章。关于一个人和他一生的寻找，以及一群人和一个汹涌的年代。精彩过瘾，不负等待！易烊千玺挚爱作家。', '2022-05-07 10:34:07', '2022-05-07 10:34:07', 1, 0);
INSERT INTO `book` VALUES (1521453234651451002, 1521453234854567999, '内在自信 如何战胜形形色色的畏惧心理', '曼迪·霍尔盖特', '人民邮电出版社', 57.3, '//img3m4.ddimg.cn/53/0/29156444-1_w_8.jpg', '成功励志书，兼具可读性、实操性、科学性，基于科学的理论研究，掌握和运用获得持久的内在自信的策略，随书附赠内在自信力思维导图。黄峥、都靓、刘媛媛等推荐。', '2022-05-07 10:11:07', '2022-05-07 10:11:07', 1, 0);
INSERT INTO `book` VALUES (1521453234652343440, 1521453234854564569, '追风筝的人（李雪琴、高圆圆动情推荐，《纽约时报》畅销书榜上榜超100周）', '卡勒德·胡赛尼', '上海人民出版社', 23.2, '//img3m8.ddimg.cn/73/8/29211508-1_w_20.jpg', '李雪琴、高圆圆动情推荐，窦靖童创作灵感的来源，朱一龙、张一山深情诵读，为你千千万万遍！', '2022-05-07 10:34:07', '2022-05-07 10:34:07', 1, 0);
INSERT INTO `book` VALUES (1521453234656763222, 1521453234854567888, '时间是良药（96岁“最高龄在职药剂师”荣子奶奶开给人生的绝妙“心药方”。不焦虑、不内卷，时间从不辜负认真生活的人。）', '比留间荣子', '北京联合出版有限公司', 42.4, '//img3m3.ddimg.cn/57/9/29304453-1_w_9.jpg', '当你厌倦了生活，想要躺下；当你身处焦虑时代，和身边人一样疯狂内卷；当你觉得工作遭遇瓶颈，难有起色；当你被人际关系所累，劳心伤神，就看这本书！', '2022-05-07 10:36:30', '2022-05-07 10:36:30', 1, 0);
INSERT INTO `book` VALUES (1521453234670387065, 1521453234854567777, '明白了（人世间梁晓声2022重磅散文新作。当当专享印签本。清醒的人生要学会减法）', '梁晓声', '北京联合出版有限公司', 47.7, '//img3m3.ddimg.cn/89/21/29357153-1_w_21.jpg', '茅盾文学奖得主梁晓声重磅新作，字字洋溢真性情！想找到生活的意义，就要去做那些看似微小、却能给你带来实感的事。人可以普通，但必须活得真实且珍贵！央视热剧《人世间》内核，助你人间清醒。', '2022-05-07 10:35:59', '2022-05-07 10:35:59', 1, 0);
INSERT INTO `book` VALUES (1521453234675465742, 1521453234854567777, '在吗（当当专享签名版！越热闹越孤独，是你吗？送给所有人的一本“不打扰”的陪伴手册！大冰作序，金宇澄、蔡康永、舒淇、庞博、傅首尔真挚推荐）', '韩国辉', '中国友谊出版公司', 37.4, '//img3m8.ddimg.cn/84/22/29380908-1_w_8.jpg', '颠覆阅读体验，挑战纸书边界！有弹幕！！！这是你从没见过的一本故事书！', '2022-05-07 10:35:59', '2022-05-07 10:35:59', 1, 0);
INSERT INTO `book` VALUES (1521453234677412103, 1521453234854567999, '如何成为一个会学习的人（同时提高专注力、记忆力和思考力的高效学习法 ）', '粂原圭太郎', '长江文艺出版社', 46, '//img3m3.ddimg.cn/55/26/29174563-1_w_24.jpg', '不强迫，不应付，从被动学习变主动思考，和学习拖延症说拜拜，快速解锁费曼学习法核心技能，同时提高你的专注力、记忆力和思考力，不断变化的时代，只有终身学习者才不会被淘汰。', '2022-05-07 10:11:04', '2022-05-07 10:11:04', 1, 0);
INSERT INTO `book` VALUES (1521453234683876631, 1521453234854564569, '【赠书签】透明的螺旋（东野圭吾新书，《嫌疑人X的献身》系列新作！你，准备好逃出悲剧的循环了吗？）', '东野圭吾', '南海出版公司', 46.9, '//img3m8.ddimg.cn/42/34/29389578-1_w_4.jpg', '一个关于她、她、她……的故事。不幸的命运，难道也会像基因一样代代循环吗？陷入循环的女孩，别重蹈覆辙，快逃，快逃，快逃！一个案件，两个真相，“神探伽利略”的秘密初次大公开！', '2022-05-07 10:34:05', '2022-05-07 10:34:05', 1, 0);
INSERT INTO `book` VALUES (1521453234706524064, 1521453234854564569, '鬼吹灯全八册（潘粤明、张雨绮主演 网剧龙岭迷窟原著小说！套装附赠盗墓江湖手册+宝物臻享藏书票）', '天下霸唱', '湖南文艺出版社', 224.5, '//img3m0.ddimg.cn/70/29/27896290-1_w_12.jpg', '盗墓小说开山之作，摸金校尉经典传奇！奇门遁甲、风水秘术，一个亦真亦幻的幽冥世界，一部绝境求生的寻宝秘传。赠臻享藏书票、懒人听书VIP会员30天畅听！', '2022-05-07 10:34:06', '2022-05-07 10:34:06', 1, 0);
INSERT INTO `book` VALUES (1521453234710256533, 1521453234854567888, '钝感力（渡边淳一经典励志大作！央视新闻、《奇葩说》鼎力推荐，马东、蔡康永、杨天真、王俊凯推荐书目。写给易因小事敏感，什么都往心里去的人。)', '渡边淳一', '青岛出版社', 30.7, '//img3m9.ddimg.cn/23/12/25201859-1_w_29.jpg', '文学大师渡边淳一75载人生智慧，世界狂销600万册。写给易因小事而动摇、敏感、什么都往心里去的人。帮你玩转人际关系，缓解焦虑情绪，排遣工作压力。当当励志榜、人民日报/光明网，多位跨界名人书单。', '2022-05-07 10:36:30', '2022-05-07 10:36:30', 1, 0);
INSERT INTO `book` VALUES (1521453234711133634, 1521453234854567888, '沟通的艺术（插图修订第15版）', '罗纳德·B·阿德勒', '北京联合出版有限公司', 52.8, '//img3m0.ddimg.cn/6/33/25154520-1_w_28.jpg', '，寓教于乐的沟通学权威教材，极具操作性的健康关系指南。学习沟通技巧，有效逆转沟通困境，应对一切沟通难题。团购电话:4001066666转6', '2022-05-07 10:36:31', '2022-05-07 10:36:31', 1, 0);
INSERT INTO `book` VALUES (1521453234714262585, 1521453234854567937, '小团队管理的7个方法 全图解落地版', '任康磊', '人民邮电出版社', 66.9, '//img3m8.ddimg.cn/63/7/28477908-1_w_7.jpg', '管理类书籍 三茅人力资源网人气作者任康磊力作 采用全图解形式解读7个通用提升领导力方法 3个典型类型小团队的个性管理方法 教你轻松带出高绩效小团队', '2022-05-07 10:37:21', '2022-05-07 10:37:21', 1, 0);
INSERT INTO `book` VALUES (1521453234715640644, 1521453234854564569, '大唐李白·将进酒（新版）', '张大春', '广西师范大学出版社', 28.8, '//img3m4.ddimg.cn/86/21/29288444-1_w_3.jpg', '诗人无法言语的生命之轻——李白的爱情和婚姻，著名作家张大春融现代小说技艺与古典文化素养于一体的力作——《大唐李白》', '2022-05-07 10:34:07', '2022-05-07 10:34:07', 1, 0);
INSERT INTO `book` VALUES (1521453234715766224, 1521453234854562367, '动漫基础教程 萌系少女篇', '美术宝', '机械工业出版社', 51, '//img3m9.ddimg.cn/74/34/29383769-1_w_3.jpg', '美术宝1对1官方动漫技法入门书', '2022-05-07 10:37:38', '2022-05-07 10:37:38', 1, 0);
INSERT INTO `book` VALUES (1521453234715817845, 1521453234854567896, '机器学习', '周志华', '清华大学出版社', 75.6, '//img3m6.ddimg.cn/25/28/29158396-1_w_12.jpg', '机器学习*修订版！人工智能领域中文的开山之作，大牛周志华教授带你全面揭开机器学习的奥秘。', '2022-05-07 10:36:53', '2022-05-07 10:36:53', 1, 0);
INSERT INTO `book` VALUES (1521453234722841017, 1521453234854564569, '小舍得（鲁引弓签名本当当专享，同名小说电视剧宋佳、佟大为、蒋欣、李佳航主演，张国立特别出演，小升初、幼升小，补习班、奥数，起跑线上，我们整装待发）', '鲁引弓', '花城出版社', 42.4, '//img3m7.ddimg.cn/75/10/29207847-1_w_14.jpg', '(《小舍得》同名电视剧正在安徽卫视、广东卫视热播中！著名教育专家孙云晓、作家毕飞宇、出版人袁敏联袂推荐。直面中产阶层焦虑，治愈家长疲惫的身心)', '2022-05-07 10:34:09', '2022-05-07 10:34:09', 1, 0);
INSERT INTO `book` VALUES (1521453234725250287, 1521453234854567777, '戴老师高能唐诗课（2022“国民教授”戴建业高能开讲！）', '戴建业', '北京联合出版有限公司', 40.3, '//img3m8.ddimg.cn/24/5/29367978-1_w_5.jpg', '国民教授”戴建业高能开课，浪漫得不行，有趣得要命，让你像读段子一样停不下来。“我用尽了自己的洪荒之力，以不负这本书的读者！', '2022-05-07 10:36:01', '2022-05-07 10:36:01', 1, 0);
INSERT INTO `book` VALUES (1521453234725827546, 1521453234854567888, '哇，飒女孩（亲笔签名本）这本书可爱到松不了手！火爆抖音小红书微博的治愈系漫画，送给每个想悄悄变优秀的女孩', '言六一', '长江出版社', 50.1, '//img3m6.ddimg.cn/6/27/29387166-1_w_5.jpg', '超人气治愈系小漫画，一个轻松温暖的好朋友，一个解答那些“小”却糟心的日常问题的同学，一个话不多说又让人心安的飒女孩', '2022-05-07 10:36:31', '2022-05-07 10:36:31', 1, 0);
INSERT INTO `book` VALUES (1521453234726215765, 1521453234854567896, '元宇宙:图说元宇宙、设计元宇宙（全两册）从零读懂元宇宙 量子学派联手中科院院士从第一维到第十一维架构人类新文明样本', '子弥实验室', '北京大学出版社', 79.7, '//img3m6.ddimg.cn/90/36/29353986-1_w_36.jpg', '文津图书奖得主联手中科院院士，解读虚实共生的未来平行世界，厘清从一维到十一维的元宇宙关系图谱，架构一个人类新文明的元宇宙样本，全方位助你成为元宇宙架构师！', '2022-05-07 10:36:54', '2022-05-07 10:36:54', 1, 0);
INSERT INTO `book` VALUES (1521453234726501437, 1521453234854567937, '卓有成效的管理者（55周年新译本） 附赠漫画视觉导图册、当当专享“书友说”小册子、价值1000元学习包', '彼得·德鲁克', '机械工业出版社', 59.2, '//img3m4.ddimg.cn/53/31/29389094-1_w_11.jpg', '反内卷、反焦虑，让工作卓有成效！“现代管理学之父”彼得·德鲁克写给每个人的自我发展指南。冯仑、樊登、刘润、古典等联袂推荐！1版1次含限量收藏编码，精致侧面喷涂！', '2022-05-07 10:37:17', '2022-05-07 10:37:17', 1, 0);
INSERT INTO `book` VALUES (1521453234728877677, 1521453234854567896, 'Java核心技术 卷I 基础知识（原书第11版）', '凯·S.霍斯特曼', '机械工业出版社', 96.9, '//img3m2.ddimg.cn/1/1/28487152-1_w_4.jpg', 'Core Java 第11版，Jolt大奖获奖作品，针对Java SE9、10、11全面更新，与Java编程思想、Effective Java、深入理解Java虚拟机 堪称：Java四大名著', '2022-05-07 10:36:53', '2022-05-07 10:36:53', 1, 0);
INSERT INTO `book` VALUES (1521453234731623501, 1521453234854567999, '成为可怕的自律人（把拖延症瞬间变得超级自律的自我提问法！作者曾帮助70位CEO、300位企业高管成为可怕的自律人！赠自律打卡表）', '马歇尔·古德史密斯', '文汇出版社', 42, '//img3m1.ddimg.cn/88/0/29325571-1_w_9.jpg', '横扫14个国家！美国、日本、韩国……《纽约时报》《华尔街日报》畅销书榜No.1！美国亚马逊年度畅销书！本书专门写给善于制订目标，却难以达成的你！高效实用，自律技巧方法！读客熊猫君出品', '2022-05-07 10:11:06', '2022-05-07 10:11:06', 1, 0);
INSERT INTO `book` VALUES (1521453234734813866, 1521453234854567888, '愿你温柔且坚，可攻亦可守（当当专享亲笔签名本！周冲暌违5年力作！煮人间烟火，抚七情六欲）', '周冲', '北京联合出版有限公司', 44.1, '//img3m0.ddimg.cn/6/25/29335290-1_w_20.jpg', '华语人气作家周冲暌违5年力作！百万粉丝欣喜期待！锅碗瓢盆盛着的是人间味，油盐酱醋寄托的是世间光阴，在热腾腾的烟火中，愿你依然相信人间值得！随书附赠趣味美好“小人间”贴纸。', '2022-05-07 10:36:31', '2022-05-07 10:36:31', 1, 0);
INSERT INTO `book` VALUES (1521453234735786254, 1521453234854567896, '不可思议的物理:加来道雄引领我们了解科学发现的过程，培养科学精神与科学探索的思维', '加来道雄', '中信出版社', 51.75, '//img3m7.ddimg.cn/28/31/29217007-1_w_4.jpg', '高中课本里的科学家加来道雄打通科学与科幻的边界，从一个物理学家的视角启发科学的探索思维，如推理小说般，层层揭开物理世界的真相', '2022-05-07 10:36:55', '2022-05-07 10:36:55', 1, 0);
INSERT INTO `book` VALUES (1521453234736765840, 1521453234854567937, '格局：世界永远不缺聪明人（吴军作品）', '吴军', '中信出版社', 44.2, '//img3m4.ddimg.cn/62/20/27943604-1_w_6.jpg', '硅谷投资人、国家文津图书奖得主吴军博士自《见识》《态度》之后人生进阶的第三部作品；5步方法论、7大方面快速提升格局，让你获重复的成功和可叠加式的进步', '2022-05-07 10:37:19', '2022-05-07 10:37:19', 1, 0);
INSERT INTO `book` VALUES (1521453234737170357, 1521453234854567888, '即断力：为什么当机立断的人更容易成功？香奈儿说：想要无可取代，就必须时刻与众不同', '小关尚纪', '北京联合出版有限公司', 44.9, '//img3m2.ddimg.cn/63/5/29341782-1_w_17.jpg', '敏捷时代突破思维和选择困局的策略，在任何领域都取得成功的高手习惯。剑指侵蚀果断的人性缺陷，4个标准步骤，助力你的人生扶摇直上，向上生长。', '2022-05-07 10:36:32', '2022-05-07 10:36:32', 1, 0);
INSERT INTO `book` VALUES (1521453234737858006, 1521453234854567937, '良性增长：盈利性增长的底层逻辑', '拉姆', '机械工业出版社', 52.2, '//img3m7.ddimg.cn/34/34/27915757-1_w_4.jpg', '经济下行，企业如何实现2位数的增长？如何探寻第二曲线？全球管理咨询大师拉姆?查兰写给所有企业的增长指南。陈春花、樊登、茅忠群、秦玉峰、王赛联袂推荐', '2022-05-07 10:37:20', '2022-05-07 10:37:20', 1, 0);
INSERT INTO `book` VALUES (1521453234740562231, 1521453234854567888, '被讨厌的勇气：“自我启发之父”阿德勒的哲学课 岸见一郎', '岸見一郎', '机械工业出版社', 30, '//img3m2.ddimg.cn/33/26/28518072-1_w_7.jpg', '“自我启发之父”阿德勒的哲学课,蔡康永、张德芬、大张伟、陈文茜、曾宝仪、勇气推荐！日本亚马逊2014年度销售冠军，连续300天雄踞销售榜首！腰封各个印次印刷内容可能有所不同，以实物为准，内文一致', '2022-05-07 10:36:28', '2022-05-07 10:36:28', 1, 0);
INSERT INTO `book` VALUES (1521453234745254145, 1521453234854567896, 'JavaScript高级程序设计 第4版', '马特·弗里斯比', '人民邮电出版社', 90.6, '//img3m7.ddimg.cn/64/26/29120617-1_w_10.jpg', 'web前端开发经典教程，JS“红宝书”全新升级，入门+实战，涵盖ECMAScript 2019，提供教学视频+配套编程环境，可直接在线运行随书代码', '2022-05-07 10:36:53', '2022-05-07 10:36:53', 1, 0);
INSERT INTO `book` VALUES (1521453234745733302, 1521453234854564569, '错探者（当当专享签名版，一场暴力围观引发的连环凶案，一名“废柴”探员的潜心追踪）', '岳勇', '湖南文艺出版社', 44.6, '//img3m7.ddimg.cn/98/36/29289347-1_w_13.jpg', '那些只灌输给女性的恐惧，那些平静日常下的杀机！一场暴力围观引发的连环凶案，一名“废柴”探员的潜心追踪。网暴之殇、买凶真相、豪宅命案、替身行凶、连环杀局…烧脑罪案悉数登场，人性之下，没有的对错...', '2022-05-07 10:34:07', '2022-05-07 10:34:07', 1, 0);
INSERT INTO `book` VALUES (1521453234750641708, 1521453234854567888, '成年人的世界没有容易二字（专治“怕、不甘心、难”，助你早日丧尽天晴。百万畅销书作家老杨的猫头鹰新作）', '老杨的猫头鹰', '江苏凤凰文艺出版社', 45, '//img3m4.ddimg.cn/23/6/29335604-1_w_7.jpg', '毒到人间清醒，字字对症下药；脱口秀式表达，真的能笑出声。25个有共鸣的故事，送给不想长大的成年人和刚刚过期的小朋友。涵盖青春、成长、情感、职场等。及时止损、停止内耗，把鸡毛蒜皮过成风和日丽。果麦出品', '2022-05-07 10:36:31', '2022-05-07 10:36:31', 1, 0);
INSERT INTO `book` VALUES (1521453234752173528, 1521453234854567937, '领导力21法则:追随这些法则，人们就会追随你（一切组织和个人的荣耀与衰落，都源自领导力！）团购电话4001066666转6', '约翰C.马克斯维尔', '文汇出版社', 44, '//img3m5.ddimg.cn/7/17/23834455-1_w_24.jpg', '《福布斯》《纽约时报》《商业周刊》《华尔街日报》、美国Amazon经典畅销书！一切组织和个人的荣耀与衰落，都源自领导力！读客熊猫君出品', '2022-05-07 10:37:20', '2022-05-07 10:37:20', 1, 0);
INSERT INTO `book` VALUES (1521453234752780812, 1521453234854562367, '昨天堂', '严明', '北京十月文艺出版社', 109, '//img3m8.ddimg.cn/44/35/29297708-1_w_9.jpg', '侯登科奖得主、摄影家严明2021诚挚新作（2007-2021），108幅黑白影像，呈现新的视觉探索及新风格的演进；贾樟柯、胡歌、五条人、汪涵喜爱的摄影家，暌违六年，于明暗光影中见当下中国，以人文诗性打', '2022-05-07 10:37:38', '2022-05-07 10:37:38', 1, 0);
INSERT INTO `book` VALUES (1521453234754344324, 1521453234854567896, '癌症真相 医生也在读 新版', '李治中', '清华大学出版社', 48.7, '//img3m2.ddimg.cn/53/0/29324942-1_w_14.jpg', '获奖多，口碑好、销量高的癌症科普书。新版更新50%内容。赠《防癌周历》手册。肺癌、乳腺癌、结直肠癌、胃癌、肝癌、食道癌、白血病、宫颈癌、前列腺癌等恶性肿瘤。', '2022-05-07 10:36:54', '2022-05-07 10:36:54', 1, 0);
INSERT INTO `book` VALUES (1521453234756464451, 1521453234854567937, '打胜仗：常胜团队的成功密码', '田涛', '机械工业出版社', 66, '//img3m7.ddimg.cn/84/0/29268147-1_w_15.jpg', '要让打胜仗的思想成为一种团队信仰，陈春花、宋志平 作序田涛宫玉振吴春波等12位国内的管理专家※军事专家※企业家联手解密', '2022-05-07 10:37:19', '2022-05-07 10:37:19', 1, 0);
INSERT INTO `book` VALUES (1521453234756484373, 1521453234854567896, '深度学习   人工智能算法，机器学习奠基之作，AI圣经', 'Goodfellow', '人民邮电出版社', 112.6, '//img3m2.ddimg.cn/32/0/25111382-1_w_9.jpg', 'AI圣经 deep learning中文版 2018年图灵奖获奖者作品 业内人称“花书” 人工智能机器学习深度学习领域奠基性经典畅销书', '2022-05-07 10:36:53', '2022-05-07 10:36:53', 1, 0);
INSERT INTO `book` VALUES (1521453234760882537, 1521453234854567777, '鲁迅全集（21年新校版）纪念鲁迅诞辰140周年！许广平和“鲁迅先生纪念委员会”编定的传世母本！（全20册）', '鲁迅', '花城出版社', 425, '//img3m3.ddimg.cn/49/9/29284843-1_w_5.jpg', '一字未删1938年初版简体横排重版印行', '2022-05-07 10:36:04', '2022-05-07 10:36:04', 1, 0);
INSERT INTO `book` VALUES (1521453234762585342, 1521453234854567777, '丁立梅散文精选集（套装四册）', '丁立梅', '作家出版社', 88.3, '//img3m3.ddimg.cn/15/32/27891483-1_w_5.jpg', '（《读者》《青年文摘》签约作家丁立梅散文精选集，包含《有美一朵，向晚生香》《愿全世界的花都好好地开》《花未央，人未老》《走着走着，花就开了》四册，经典作品全收录，多地中小学列入课外阅读，上百篇', '2022-05-07 10:36:04', '2022-05-07 10:36:04', 1, 0);
INSERT INTO `book` VALUES (1521453234764418014, 1521453234854567896, '普林斯顿数学指南(套装全三册)', 'Timothy', '科学出版社有限责任公司', 290.3, '//img3m0.ddimg.cn/53/7/23660360-1_w_4.jpg', 'Fields 奖得主T. Gowers 主编、133 位著名数学家共同参与撰写的学科巨著', '2022-05-07 10:36:55', '2022-05-07 10:36:55', 1, 0);
INSERT INTO `book` VALUES (1521453234765067408, 1521453234854567999, '你所谓的稳定，不过是在浪费生命（当当专享签名版！李尚龙励志代表作）', '李尚龙', '北京联合出版有限公司', 35.8, '//img3m5.ddimg.cn/76/19/29382385-1_w_2.jpg', '百万销量作者李尚龙励志代表作。80万册销量认证，新增2万字原创内容，全网上亿人热议话题，引发百万年轻人反思生活的真实之书！别在该拼搏的年纪，选择躺平！', '2022-05-07 10:11:05', '2022-05-07 10:11:05', 1, 0);
INSERT INTO `book` VALUES (1521453234766211110, 1521453234854562367, '鬼刀3 苍蓝 WLOP典藏插画作品集', 'WLOP', '人民邮电出版社', 149, '//img3m7.ddimg.cn/63/32/29393757-1_w_2.jpg', '【当当专享海报+限量印章随机掉落】WLOP原创国漫《鬼刀》画册第三辑《鬼刀3·苍蓝》震撼来袭，收录《鬼刀》《云虫》《夭梦》插画作品，随书附赠精美周边，还有多种福利等你拿！', '2022-05-07 10:37:38', '2022-05-07 10:37:38', 1, 0);
INSERT INTO `book` VALUES (1521453234771104173, 1521453234854567896, '深入理解Java虚拟机：JVM高级特性与实践（第3版）', '周志明', '机械工业出版社', 83.9, '//img3m5.ddimg.cn/55/8/28495225-1_w_9.jpg', '周志明虚拟机新作，第3版新增内容近50%，5个维度全面剖析JVM，大厂面试知识点全覆盖。与 Java编程思想、Effective Java、Java核心技术 堪称：Java四大名著', '2022-05-07 10:36:52', '2022-05-07 10:36:52', 1, 0);
INSERT INTO `book` VALUES (1521453234774544218, 1521453234854567937, '营销管理（第15版·彩色版）', '菲利普·科特勒', '格致出版社', 93.3, '//img3m2.ddimg.cn/61/1/29201992-1_w_8.jpg', '现代营销学之父菲利普·科特勒“营销圣经”，市场营销从业者案头书，吴晓波领衔推荐。面向移动互联网时代的全新版，重点阐述科技、全球化和社会责任三大变革力量。', '2022-05-07 10:37:21', '2022-05-07 10:37:21', 1, 0);
INSERT INTO `book` VALUES (1521453234776556205, 1521453234854567999, '沟通的方法（别怕，沟通是场无限游戏。得到CEO脱不花为你备好的沟通心法，助你在职场上一路开挂）', '脱不花', '新星出版社', 49, '//img3m9.ddimg.cn/81/16/29251809-1_w_45.jpg', '团购电话:4001066666转6。30000+同学“亲测，好用”的沟通手册，自我提升/员工培训/亲友赠送的理想选择。全方位覆盖职场沟通场景，给你切实可行的解决方案。罗振宇作序，马东、杨天真等推荐。', '2022-05-07 10:11:03', '2022-05-07 10:11:03', 1, 0);
INSERT INTO `book` VALUES (1521453234776725523, 1521453234854567999, '钝感力（渡边淳一经典励志大作！央视新闻、《奇葩说》鼎力推荐，马东、蔡康永、杨天真、王俊凯推荐书目。写给易因小事敏感，什么都往心里去的人。)', '渡边淳一', '青岛出版社', 30.7, '//img3m9.ddimg.cn/23/12/25201859-1_w_29.jpg', '文学大师渡边淳一75载人生智慧，世界狂销600万册。写给易因小事而动摇、敏感、什么都往心里去的人。帮你玩转人际关系，缓解焦虑情绪，排遣工作压力。当当励志榜、人民日报/光明网，多位跨界名人书单。', '2022-05-07 10:11:05', '2022-05-07 10:11:05', 1, 0);
INSERT INTO `book` VALUES (1521453234781367316, 1521453234854567999, '呼吸04：珍惜吧，日常的光', 'Breathe', '中信出版社', 48.3, '//img3m6.ddimg.cn/4/1/29380036-1_w_3.jpg', '正念生活读物，心理学家李松蔚担纲中文版主编，重新发现生活中的微小成就与感动！一本帮你平衡身心的正念启发书，让我们一起把每个日子过成良辰！', '2022-05-07 10:11:05', '2022-05-07 10:11:05', 1, 0);
INSERT INTO `book` VALUES (1521453234781617077, 1521453234854567896, '深度学习经典教程：深度学习+动手学深度学习（套装共2册）', 'Goodfellow', '人民邮电出版社', 232.8, '//img3m7.ddimg.cn/60/26/27883707-1_w_3.jpg', '“花书”与沐神大作双剑合璧，入门深度学习看这一套就够了，来自一线科学家的经验总结，人工智能机器学习AI算法数据科学领域的重磅作品', '2022-05-07 10:36:54', '2022-05-07 10:36:54', 1, 0);
INSERT INTO `book` VALUES (1521453234781860673, 1521453234854564569, '加利福尼亚金子（套装3册）', '约翰', '浙江文艺出版社', 164.1, '//img3m1.ddimg.cn/41/2/29222861-1_w_5.jpg', '美国历史小说家教父约翰?杰克斯作品，继现象级口碑佳作《肯特家史》《北方与南方》后的又一经典力作。英文原版连续20周高居《纽约时报》畅销书榜。一个小人物在后淘金时代的传奇人生。 一位底层青年惊心动魄的逆', '2022-05-07 10:34:06', '2022-05-07 10:34:06', 1, 0);
INSERT INTO `book` VALUES (1521453234784138702, 1521453234854567777, '读水浒：人性的十三种刻度（易中天赞叹推荐，押沙龙从人性的角度解读《水浒》，原来梁山好汉就是我们身边的人物）', '押沙龙', '三秦出版社', 49.8, '//img3m7.ddimg.cn/55/5/29340487-1_w_7.jpg', '岁月静好的中产阶级林冲，天生有领导力的宋江。江湖不光是打打杀杀，江湖是人情世故。从人性角度解读，没读过《水浒传》，也能轻松阅读《读水浒》。果麦出品', '2022-05-07 10:36:00', '2022-05-07 10:36:00', 1, 0);
INSERT INTO `book` VALUES (1521453234786137435, 1521453234854567937, '元宇宙与碳中和：深度融合解析“元宇宙”与“碳中和”两大体系', '熊焰', '中译出版社（原中国对外翻译出版公司）', 58.5, '//img3m4.ddimg.cn/2/16/29374094-1_w_11.jpg', '', '2022-05-07 10:37:17', '2022-05-07 10:37:17', 1, 0);
INSERT INTO `book` VALUES (1521453234786421143, 1521453234854567896, 'Python编程 从入门到实践 第2版', '埃里克·马瑟斯', '人民邮电出版社', 73.6, '//img3m2.ddimg.cn/65/23/29280602-1_w_10.jpg', '零基础学Python编程教程书籍，数据分析、网络爬虫、深度学习技能，畅销经典蟒蛇书升级版，附赠源代码、练习答案、学习视频、学习速查地图读者交流群等资源。', '2022-05-07 10:36:52', '2022-05-07 10:36:52', 1, 0);
INSERT INTO `book` VALUES (1521453234787230711, 1521453234854564569, '乡村教师（刘慈欣科幻系列·纪念珍藏版）', '刘慈欣', '长江文艺出版社', 28.4, '//img3m6.ddimg.cn/28/34/28470646-1_w_8.jpg', '《三体》作者、雨果奖得主刘慈欣科幻小说代表作电影《疯狂的外星人》原著小说', '2022-05-07 10:34:09', '2022-05-07 10:34:09', 1, 0);
INSERT INTO `book` VALUES (1521453234804436413, 1521453234854564569, '怀旧商店（当当专享作者亲签版。随书附赠黑猫书签+精美手机&电脑壁纸4张。寄存旧物，贩卖旧物。不为怀旧，只为告别。）', '徐梦瑶', '江苏凤凰文艺出版社', 47.7, '//img3m8.ddimg.cn/55/17/29303758-1_w_6.jpg', '毛無感动推荐！讲述每个人深藏于心的人生故事，关于所有已失去，亦关于重新出发后拥有的一切。也许无人能彻底从过去脱身，但走走看吧，好好珍惜就对了！', '2022-05-07 10:34:05', '2022-05-07 10:34:05', 1, 0);
INSERT INTO `book` VALUES (1521453234804633873, 1521453234854567888, '沟通的方法（别怕，沟通是场无限游戏。得到CEO脱不花为你备好的沟通心法，助你在职场上一路开挂）', '脱不花', '新星出版社', 49, '//img3m9.ddimg.cn/81/16/29251809-1_w_45.jpg', '团购电话:4001066666转6。30000+同学“亲测，好用”的沟通手册，自我提升/员工培训/亲友赠送的理想选择。全方位覆盖职场沟通场景，给你切实可行的解决方案。罗振宇作序，马东、杨天真等推荐。', '2022-05-07 10:36:28', '2022-05-07 10:36:28', 1, 0);
INSERT INTO `book` VALUES (1521453234807813102, 1521453234854567937, '业力管理：善用业力法则创造富足人生（团购，请致电400-106-6666转6）', '麦克·罗奇', '华文出版社', 33, '//img3m6.ddimg.cn/22/25/25206016-1_w_12.jpg', '《能断金刚》（又译作《当和尚遇到钻石》）的续篇', '2022-05-07 10:37:20', '2022-05-07 10:37:20', 1, 0);
INSERT INTO `book` VALUES (1521453234808262305, 1521453234854564569, '余温', '无戒', '太白文艺出版社', 40.9, '//img3m8.ddimg.cn/33/35/29330268-1_w_11.jpg', '新华正版图书，青年作家、治愈之作。', '2022-05-07 10:34:08', '2022-05-07 10:34:08', 1, 0);
INSERT INTO `book` VALUES (1521453234811120271, 1521453234854567937, '金字塔原理大全集（共2册）（思考表达和解决问题的逻辑，“抖音同款”麦肯锡40年经典培训教材）', '芭芭拉', '南海出版公司', 88, '//img3m6.ddimg.cn/38/18/27891506-1_w_7.jpg', '（全新改版《金字塔原理》+《金字塔原理实战篇》）麦肯锡经典培训教材  基础原理+实战训练  精进思考、分析和表达能力  管理者和各行各业职场人的实用工具，世界知名企业和院校用来培训成员的逻辑思考方法', '2022-05-07 10:37:19', '2022-05-07 10:37:19', 1, 0);
INSERT INTO `book` VALUES (1521453234814661548, 1521453234854567896, 'labuladong的算法小抄【Python，Java，C++零基础，刷数据结构与算法题，搞定大厂笔试面试】', '付东来', '电子工业出版社', 75.7, '//img3m6.ddimg.cn/57/23/29363556-1_w_2.jpg', 'GitHub高赞硬核算法教程，力扣算法题解，挑战大厂Offer，专攻算法套路，应对算法笔试，@stormzhang|《漫画算法》作者@程序员小灰盛赞， LeetcodePlus会员85折福利', '2022-05-07 10:36:52', '2022-05-07 10:36:52', 1, 0);
INSERT INTO `book` VALUES (1521453234817167224, 1521453234854562367, '旅行箱里的四季（人气插画艺术家卤猫10年精选图文集、粉丝们期待已久的重磅之作/百余幅暖心治愈的高清画作，一段激发灵感的四季旅程）【浦睿文化出品】', '卤猫', '湖南美术出版社', 117.2, '//img3m4.ddimg.cn/98/4/29305484-1_w_12.jpg', '火遍全网的“二十四节气”系列全收录，网友惊赞“美得想住进画里”/ 以生动的笔触、温暖的色调，收集各地的季节变幻，带你享受日常生活中的火花，所有的坏情绪通通被治愈', '2022-05-07 10:37:39', '2022-05-07 10:37:39', 1, 0);
INSERT INTO `book` VALUES (1521453234823236028, 1521453234854564569, '繁花（新版，茅盾文学奖获奖作品，专享新增人物小传，王家卫导演、胡歌主演同名剧集原著）', '金宇澄', '上海文艺出版社', 53.8, '//img3m1.ddimg.cn/23/21/29134931-1_w_24.jpg', '★全新修订，独家新增人物小传16页，附加人物关系图。 ★第九届茅盾文学奖获奖作品。 ★王家卫导演、胡歌主演同名剧集原著小说。 ★纯文学畅销王，出版以来加印44次，每年畅销10万册以上。', '2022-05-07 10:34:08', '2022-05-07 10:34:08', 1, 0);
INSERT INTO `book` VALUES (1521453234826562724, 1521453234854564569, '世界（南派三叔作品，随机掉落当当印签版）', '南派三叔', '吉林文史出版社', 42.1, '//img3m2.ddimg.cn/33/28/29148702-1_w_31.jpg', '《盗墓笔记》之后， 南派三叔再造全新惊悚世界', '2022-05-07 10:34:09', '2022-05-07 10:34:09', 1, 0);
INSERT INTO `book` VALUES (1521453234828381565, 1521453234854562367, '看见，不一样的故宫（精装版）（全彩）', '苏唐诗', '电子工业出版社', 169.2, '//img3m9.ddimg.cn/77/12/27925799-1_w_8.jpg', '【】故宫前院长单霁翔倾情推荐。古建筑摄影家苏唐诗历时6年拍摄而成，用普通游客的条件，拍出你所看不到的故宫。超大开本，精装全彩，是为故宫爱好者精心准备的一部诚意之作。', '2022-05-07 10:37:39', '2022-05-07 10:37:39', 1, 0);
INSERT INTO `book` VALUES (1521453234843727525, 1521453234854567777, '白马春风恰少年：唐宋诗人的快意人生', '大圣', '中国友谊出版公司', 46.8, '//img3m7.ddimg.cn/74/15/29293877-1_w_7.jpg', '一部爆笑讲述唐宋诗词大神的颠覆之作！精彩还原30位唐宋诗人词人鲜为人知的另一面，幽默解读那些旷世之才的少年意气、快意人生！融知识性、趣味性、启发性于一体，再现名家神作与传世孤品', '2022-05-07 10:36:03', '2022-05-07 10:36:03', 1, 0);
INSERT INTO `book` VALUES (1521453234843801388, 1521453234854564569, '斑马（傅真2022年全新力作，从北京到曼谷，跨越三千二百公里的治愈之旅）', '傅真', '人民文学出版社', 40.1, '//img3m5.ddimg.cn/81/25/29368035-1_w_11.jpg', '傅真2022年全新力作。两座城市、一段重逢、三千二百公里的治愈之旅，与湄南河畔丛林中的斑马相遇，前往人生旅途的下一个目的地。每个当下，都值得被记住。', '2022-05-07 10:34:05', '2022-05-07 10:34:05', 1, 0);
INSERT INTO `book` VALUES (1521453234852520736, 1521453234854567999, '哇，飒女孩（亲笔签名本）这本书可爱到松不了手！火爆抖音小红书微博的治愈系漫画，送给每个想悄悄变优秀的女孩', '言六一', '长江出版社', 50.1, '//img3m6.ddimg.cn/6/27/29387166-1_w_5.jpg', '超人气治愈系小漫画，一个轻松温暖的好朋友，一个解答那些“小”却糟心的日常问题的同学，一个话不多说又让人心安的飒女孩', '2022-05-07 10:11:06', '2022-05-07 10:11:06', 1, 0);
INSERT INTO `book` VALUES (1521453234854334467, 1521453234854567777, '中国冬奥', '孙晶岩', '人民文学出版社', 69.5, '//img3m1.ddimg.cn/48/34/29362161-1_w_6.jpg', '五年间 国内外 采访200余人  全景记录中国冬奥艰辛历程     深情展现冰雪健将拼搏精神', '2022-05-07 10:36:02', '2022-05-07 10:36:02', 1, 0);
INSERT INTO `book` VALUES (1521453234855131663, 1521453234854567937, '黄沙百战穿金甲：华为系列故事', '田涛', '生活.读书.新知三联书店', 34.5, '//img3m8.ddimg.cn/38/1/25164848-1_w_3.jpg', '（华为系列故事——《黄沙百战穿金甲》《厚积薄发》《枪林弹雨中成长》，告诉你一个真实的华为！）', '2022-05-07 10:37:20', '2022-05-07 10:37:20', 1, 0);
INSERT INTO `book` VALUES (1521453234858207347, 1521453234854567888, '你所谓的稳定，不过是在浪费生命（当当专享签名版！李尚龙励志代表作）', '李尚龙', '北京联合出版有限公司', 35.8, '//img3m5.ddimg.cn/76/19/29382385-1_w_2.jpg', '百万销量作者李尚龙励志代表作。80万册销量认证，新增2万字原创内容，全网上亿人热议话题，引发百万年轻人反思生活的真实之书！别在该拼搏的年纪，选择躺平！', '2022-05-07 10:36:29', '2022-05-07 10:36:29', 1, 0);
INSERT INTO `book` VALUES (1521453234860854428, 1521453234854564569, '紫金陈刑侦推理三部曲（长夜难明+无证之罪+坏小孩，悬念迭起，反转不断，挑战你的逻辑与想象力）【浦睿文化出品】', '紫金陈', '湖南人民出版社', 108, '//img3m1.ddimg.cn/14/12/28486571-1_w_15.jpg', '【套装三册】廖凡、白宇、秦昊、王景春主演的《沉默的真相》《隐秘的角落》网剧同名小说。', '2022-05-07 10:34:10', '2022-05-07 10:34:10', 1, 0);
INSERT INTO `book` VALUES (1521453234861756534, 1521453234854564569, '蹦极（2021年度中国好书获奖图书，外交官的炼成之路）', '卢山', '江苏凤凰文艺出版社', 37.1, '//img3m8.ddimg.cn/71/33/29259818-1_w_16.jpg', '[赵叔叔同款] 书写外交官这群无名英雄的风骨，揭示中国崛起之不易。看似光鲜的外交官，背负的是孤独、隐忍、清贫，坚守的是信仰', '2022-05-07 10:34:08', '2022-05-07 10:34:08', 1, 0);
INSERT INTO `book` VALUES (1521453234862741850, 1521453234854567896, '机器学习实战：基于Scikit-Learn Keras和TensorFlow（原书第2版）', '奥雷利安', '机械工业出版社', 96.9, '//img3m3.ddimg.cn/49/26/29132383-1_w_13.jpg', '“美亚”AI+神经网络+CV三大畅销榜首图书，基于TensorFlow 2和新版Scikit-Learn全面升级，内容增加近一倍！Keras之父推荐，从实践出发，手把手教你从零开始搭建起一个神经网络', '2022-05-07 10:36:53', '2022-05-07 10:36:53', 1, 0);
INSERT INTO `book` VALUES (1521453234864313123, 1521453234854567937, '定位：争夺用户心智的战争（经典重译版）', '艾·里斯', '机械工业出版社', 47.4, '//img3m6.ddimg.cn/68/27/29200316-1_w_12.jpg', '有史以来对美国营销影响*的观念', '2022-05-07 10:37:18', '2022-05-07 10:37:18', 1, 0);
INSERT INTO `book` VALUES (1521453234866007754, 1521453234854567937, '高绩效教练（原书第5版） 团购电话:4001066666转6', '约翰.惠特默', '机械工业出版社', 47.4, '//img3m1.ddimg.cn/21/6/26240961-1_w_8.jpg', '一本提升团队绩效和领导力水平，激活组织的宝典！世界上zui常用的教练模型--GROW模型的联合创始人惠特默爵士作品的全新版本。你的收获，会是你投入的800%。', '2022-05-07 10:37:21', '2022-05-07 10:37:21', 1, 0);
INSERT INTO `book` VALUES (1521453234867708281, 1521453234854567999, '倾听力签名版（怎么听对方才肯说，如何说对方才会听？18个打开心扉的经典案例！帮你突破人际交往能力！）', '吴怀尧', '浙江文艺出版社', 43.5, '//img3m0.ddimg.cn/21/31/29354610-1_w_42.jpg', '社恐内向者常备！翻开本书，突破人际交往能力！小学阶段到成年人适读！上市5个月紧急加印4次！靠口碑持续稳居人际交往图书畅销榜！作家富豪榜创始人吴怀尧力作！台湾时报出版本书繁体版！', '2022-05-07 10:11:06', '2022-05-07 10:11:06', 1, 0);
INSERT INTO `book` VALUES (1521453234873850113, 1521453234854564569, '元宇宙2086', '高泽龙', '华文出版社', 40.9, '//img3m8.ddimg.cn/24/8/29379858-1_w_5.jpg', '《元宇宙》类小说的开山之作，未来世界的通行证，生命与文明的延续！500本作者亲笔签名！售完为止！', '2022-05-07 10:34:05', '2022-05-07 10:34:05', 1, 0);
INSERT INTO `book` VALUES (1521453234874354326, 1521453234854567896, '机器学习公式详解 （“西瓜书”学习伴侣“南瓜书”正式版）', '谢文睿', '人民邮电出版社', 45.8, '//img3m6.ddimg.cn/28/7/29206216-1_w_17.jpg', '人工智能领域中文的开山之作、周志华 西瓜书 机器学习 伴侣书，Datawhale开源协作学习笔记 南瓜书，机器学习初学小白提升数学基础能力的练习书！', '2022-05-07 10:36:54', '2022-05-07 10:36:54', 1, 0);
INSERT INTO `book` VALUES (1521453234882061888, 1521453234854567888, '有梗', '黄西', '天津科学技术出版社', 47.7, '//img3m9.ddimg.cn/85/9/28995799-1_w_30.jpg', '全美脱口秀冠军黄西的幽默沟通课快速提高幽默表达。黄西20年幽默生涯精华之作，4个演说工具12个沟通方法和17个幽默技巧，幽默感可以后天养成。后疫情时代，让幽默成为打败焦虑、悲观等不良情绪的武器', '2022-05-07 10:36:32', '2022-05-07 10:36:32', 1, 0);
INSERT INTO `book` VALUES (1521453234886033424, 1521453234854564569, '欢喜：女性、革命和一个逝去的男孩（诺贝尔文学奖热门提名作家女性主义作品）', '达契亚·玛拉依妮', '中国友谊出版公司', 35.8, '//img3m4.ddimg.cn/68/17/29292584-1_w_11.jpg', '女性应当生而欢喜，而非恐惧这个世界。本书出发点是女性的身体，但视角和观点却始终是男性的，也许我们该冷静下来，重新理性看待“女性”和“男性”', '2022-05-07 10:34:08', '2022-05-07 10:34:08', 1, 0);

-- ----------------------------
-- Table structure for category
-- ----------------------------
DROP TABLE IF EXISTS `category`;
CREATE TABLE `category`  (
  `id` bigint NOT NULL COMMENT '唯一标识',
  `name` varchar(255) CHARACTER SET utf8 COLLATE utf8_general_ci NOT NULL COMMENT '分类名',
  `sort` int NOT NULL COMMENT '排序字段',
  `status` int NOT NULL DEFAULT 1 COMMENT '分类状态 1正常 0禁用',
  `create_time` datetime NULL DEFAULT NULL COMMENT '创建时间',
  `update_time` datetime NULL DEFAULT NULL COMMENT '更新时间',
  `is_deleted` int NOT NULL DEFAULT 0 COMMENT '逻辑删除字段 1删除 0未删除(默认)',
  PRIMARY KEY (`id`) USING BTREE
) ENGINE = InnoDB CHARACTER SET = utf8 COLLATE = utf8_general_ci ROW_FORMAT = DYNAMIC;

-- ----------------------------
-- Records of category
-- ----------------------------
INSERT INTO `category` VALUES (1521444078676357121, '哲学宗教', 8, 1, '2022-05-03 18:58:30', '2022-05-03 18:58:30', 0);
INSERT INTO `category` VALUES (1521453234854562367, '艺术', 3, 1, '2022-05-07 09:40:21', '2022-05-07 09:40:23', 0);
INSERT INTO `category` VALUES (1521453234854564569, '小说', 4, 1, '2022-05-07 09:38:57', '2022-05-07 09:39:00', 0);
INSERT INTO `category` VALUES (1521453234854567777, '文学', 2, 1, '2022-05-07 08:29:21', '2022-05-07 08:29:23', 0);
INSERT INTO `category` VALUES (1521453234854567888, '成功励志', 7, 1, '2022-05-07 08:28:48', '2022-05-07 08:28:51', 0);
INSERT INTO `category` VALUES (1521453234854567896, '科技', 1, 1, '2022-05-06 23:12:56', '2022-05-25 17:33:00', 0);
INSERT INTO `category` VALUES (1521453234854567937, '管理学', 6, 1, '2022-05-03 19:34:53', '2022-05-03 19:34:53', 0);
INSERT INTO `category` VALUES (1521453234854567999, '历史', 5, 1, '2022-05-07 08:28:09', '2022-05-07 08:28:13', 0);
INSERT INTO `category` VALUES (1530028190098014210, '言情', 9, 0, '2022-05-27 11:28:42', '2022-05-27 11:28:42', 0);
INSERT INTO `category` VALUES (1530028314203275265, '课本', 10, 0, '2022-05-27 11:29:11', '2022-05-27 11:29:11', 0);
INSERT INTO `category` VALUES (1530028726977314817, ' 自然科学', 11, 0, '2022-05-27 11:30:50', '2022-05-27 11:30:50', 0);
INSERT INTO `category` VALUES (1530028772720394241, '综合类图书', 12, 0, '2022-05-27 11:31:01', '2022-05-27 11:31:01', 0);

-- ----------------------------
-- Table structure for order
-- ----------------------------
DROP TABLE IF EXISTS `order`;
CREATE TABLE `order`  (
  `id` bigint NOT NULL COMMENT 'id',
  `user_id` bigint NOT NULL COMMENT '用户id',
  `total_count` int NULL DEFAULT NULL COMMENT '总数量',
  `total_amount` double NULL DEFAULT NULL COMMENT '总金额',
  `status` int NOT NULL DEFAULT 0 COMMENT '0未付款 1已付款 2正在配送 3已签收 4正在退回',
  `create_time` datetime NOT NULL COMMENT '创建时间',
  `update_time` datetime NOT NULL COMMENT '修改时间',
  `is_deleted` int NOT NULL DEFAULT 0 COMMENT '逻辑删除字段 1删除 0未删除(默认)',
  PRIMARY KEY (`id`) USING BTREE,
  INDEX `FK_Reference_2`(`user_id` ASC) USING BTREE,
  CONSTRAINT `FK_Reference_2` FOREIGN KEY (`user_id`) REFERENCES `user` (`id`) ON DELETE RESTRICT ON UPDATE RESTRICT
) ENGINE = InnoDB CHARACTER SET = utf8 COLLATE = utf8_general_ci ROW_FORMAT = DYNAMIC;

-- ----------------------------
-- Records of order
-- ----------------------------
INSERT INTO `order` VALUES (1653622917571681226, 1529717932788023298, 13, 1317.6, 1, '2022-05-27 11:41:58', '2022-05-27 11:41:58', 0);
INSERT INTO `order` VALUES (1653622952195159828, 1529717792438222849, 10, 648.3, 0, '2022-05-27 11:42:32', '2022-05-27 11:42:32', 0);
INSERT INTO `order` VALUES (1653622979740935656, 1529717681565990913, 21, 1449.8, 2, '2022-05-27 11:43:00', '2022-05-27 11:43:00', 0);
INSERT INTO `order` VALUES (1653623846426333546, 1529717681565990913, 8, 2936.9, 3, '2022-05-27 11:57:26', '2022-05-27 11:57:26', 0);
INSERT INTO `order` VALUES (1653623892540576293, 1528316854448201730, 7, 895.2, 4, '2022-05-27 11:58:13', '2022-05-27 11:58:13', 0);
INSERT INTO `order` VALUES (1653623907970720670, 1528316854448201730, 5, 446.5, 3, '2022-05-27 11:58:28', '2022-05-27 11:58:28', 0);
INSERT INTO `order` VALUES (1653623975828701288, 1528317602909167617, 5, 202.9, 1, '2022-05-27 11:59:36', '2022-05-27 11:59:36', 0);
INSERT INTO `order` VALUES (1653623987901619894, 1528317602909167617, 4, 855.1, 3, '2022-05-27 11:59:48', '2022-05-27 11:59:48', 0);
INSERT INTO `order` VALUES (1653624096458634699, 1521374128490254337, 6, 1220.4, 2, '2022-05-27 12:01:37', '2022-05-27 12:01:37', 0);
INSERT INTO `order` VALUES (1653624120386987509, 1521294872330391554, 11, 770.7, 1, '2022-05-27 12:02:00', '2022-05-27 12:02:00', 0);
INSERT INTO `order` VALUES (1653624149785416062, 1521294872330391553, 9, 559.5, 4, '2022-05-27 12:02:30', '2022-05-27 12:02:30', 0);
INSERT INTO `order` VALUES (1654399227391940769, 1521294872330391555, 3, 295.7, 1, '2022-06-05 11:20:27', '2022-06-05 11:20:27', 0);

-- ----------------------------
-- Table structure for order_item
-- ----------------------------
DROP TABLE IF EXISTS `order_item`;
CREATE TABLE `order_item`  (
  `id` bigint NOT NULL COMMENT '唯一标识',
  `order_id` bigint NOT NULL COMMENT '订单id',
  `book_id` bigint NOT NULL COMMENT '图书id',
  `number` int NOT NULL COMMENT '购买数量',
  `create_time` datetime NOT NULL COMMENT '创建时间',
  `update_time` datetime NOT NULL COMMENT '更改时间',
  PRIMARY KEY (`id`) USING BTREE,
  INDEX `FK_Reference_3`(`order_id` ASC) USING BTREE,
  INDEX `FK_Reference_6`(`book_id` ASC) USING BTREE,
  CONSTRAINT `FK_Reference_6` FOREIGN KEY (`book_id`) REFERENCES `book` (`id`) ON DELETE RESTRICT ON UPDATE RESTRICT
) ENGINE = InnoDB CHARACTER SET = utf8 COLLATE = utf8_general_ci ROW_FORMAT = DYNAMIC;

-- ----------------------------
-- Records of order_item
-- ----------------------------
INSERT INTO `order_item` VALUES (1530031528118075393, 1653622917571681226, 1521453234021753808, 2, '2022-05-27 11:41:58', '2022-05-27 11:41:58');
INSERT INTO `order_item` VALUES (1530031528218738689, 1653622917571681226, 1521453234051717237, 2, '2022-05-27 11:41:58', '2022-05-27 11:41:58');
INSERT INTO `order_item` VALUES (1530031528227127298, 1653622917571681226, 1521453234003825764, 2, '2022-05-27 11:41:58', '2022-05-27 11:41:58');
INSERT INTO `order_item` VALUES (1530031528243904514, 1653622917571681226, 1521453234120380754, 2, '2022-05-27 11:41:58', '2022-05-27 11:41:58');
INSERT INTO `order_item` VALUES (1530031528248098818, 1653622917571681226, 1521453234020385104, 2, '2022-05-27 11:41:58', '2022-05-27 11:41:58');
INSERT INTO `order_item` VALUES (1530031528252293122, 1653622917571681226, 1521453234062705448, 2, '2022-05-27 11:41:58', '2022-05-27 11:41:58');
INSERT INTO `order_item` VALUES (1530031528256487426, 1653622917571681226, 1521453234008357857, 1, '2022-05-27 11:41:58', '2022-05-27 11:41:58');
INSERT INTO `order_item` VALUES (1530031673341657089, 1653622952195159828, 1521444078126831767, 3, '2022-05-27 11:42:32', '2022-05-27 11:42:32');
INSERT INTO `order_item` VALUES (1530031674209878018, 1653622952195159828, 1521444078127483231, 3, '2022-05-27 11:42:32', '2022-05-27 11:42:32');
INSERT INTO `order_item` VALUES (1530031674214072322, 1653622952195159828, 1521453234008357857, 1, '2022-05-27 11:42:32', '2022-05-27 11:42:32');
INSERT INTO `order_item` VALUES (1530031674285375489, 1653622952195159828, 1521453234020385104, 1, '2022-05-27 11:42:32', '2022-05-27 11:42:32');
INSERT INTO `order_item` VALUES (1530031674285375490, 1653622952195159828, 1521453234014171788, 1, '2022-05-27 11:42:32', '2022-05-27 11:42:32');
INSERT INTO `order_item` VALUES (1530031674293764097, 1653622952195159828, 1521453234058727446, 1, '2022-05-27 11:42:32', '2022-05-27 11:42:32');
INSERT INTO `order_item` VALUES (1530031788865372161, 1653622979740935656, 1521453234016165084, 4, '2022-05-27 11:43:00', '2022-05-27 11:43:00');
INSERT INTO `order_item` VALUES (1530031789343522817, 1653622979740935656, 1521453234021278644, 3, '2022-05-27 11:43:00', '2022-05-27 11:43:00');
INSERT INTO `order_item` VALUES (1530031789343522818, 1653622979740935656, 1521453234078203274, 4, '2022-05-27 11:43:00', '2022-05-27 11:43:00');
INSERT INTO `order_item` VALUES (1530031789477740545, 1653622979740935656, 1521453234122830436, 4, '2022-05-27 11:43:00', '2022-05-27 11:43:00');
INSERT INTO `order_item` VALUES (1530031789486129154, 1653622979740935656, 1521453234023436863, 3, '2022-05-27 11:43:00', '2022-05-27 11:43:00');
INSERT INTO `order_item` VALUES (1530031789498712066, 1653622979740935656, 1521453234044846863, 3, '2022-05-27 11:43:00', '2022-05-27 11:43:00');
INSERT INTO `order_item` VALUES (1530035424014123010, 1653623846426333546, 1521453234381717221, 2, '2022-05-27 11:57:26', '2022-05-27 11:57:26');
INSERT INTO `order_item` VALUES (1530035424265781249, 1653623846426333546, 1521453234444005865, 2, '2022-05-27 11:57:26', '2022-05-27 11:57:26');
INSERT INTO `order_item` VALUES (1530035424265781250, 1653623846426333546, 1521453234248215384, 3, '2022-05-27 11:57:26', '2022-05-27 11:57:26');
INSERT INTO `order_item` VALUES (1530035424278364161, 1653623846426333546, 1521453234014171788, 1, '2022-05-27 11:57:26', '2022-05-27 11:57:26');
INSERT INTO `order_item` VALUES (1530035617430257666, 1653623892540576293, 1521453234140065558, 3, '2022-05-27 11:58:13', '2022-05-27 11:58:13');
INSERT INTO `order_item` VALUES (1530035617862270977, 1653623892540576293, 1521453234180060278, 3, '2022-05-27 11:58:13', '2022-05-27 11:58:13');
INSERT INTO `order_item` VALUES (1530035617870659586, 1653623892540576293, 1521453234010244706, 1, '2022-05-27 11:58:13', '2022-05-27 11:58:13');
INSERT INTO `order_item` VALUES (1530035682156756994, 1653623907970720670, 1521444078521701347, 2, '2022-05-27 11:58:28', '2022-05-27 11:58:28');
INSERT INTO `order_item` VALUES (1530035682353889281, 1653623907970720670, 1521444078521744832, 2, '2022-05-27 11:58:28', '2022-05-27 11:58:28');
INSERT INTO `order_item` VALUES (1530035682362277890, 1653623907970720670, 1521444078126831767, 1, '2022-05-27 11:58:28', '2022-05-27 11:58:28');
INSERT INTO `order_item` VALUES (1530035966769643522, 1653623975828701288, 1521453234106306252, 2, '2022-05-27 11:59:36', '2022-05-27 11:59:36');
INSERT INTO `order_item` VALUES (1530035967512035329, 1653623975828701288, 1521453234046724448, 1, '2022-05-27 11:59:36', '2022-05-27 11:59:36');
INSERT INTO `order_item` VALUES (1530035967616892930, 1653623975828701288, 1521453234068387080, 1, '2022-05-27 11:59:36', '2022-05-27 11:59:36');
INSERT INTO `order_item` VALUES (1530035967629475842, 1653623975828701288, 1521453234016165084, 1, '2022-05-27 11:59:36', '2022-05-27 11:59:36');
INSERT INTO `order_item` VALUES (1530036017407475713, 1653623987901619894, 1521453234302854772, 1, '2022-05-27 11:59:48', '2022-05-27 11:59:48');
INSERT INTO `order_item` VALUES (1530036017621385218, 1653623987901619894, 1521453234058727446, 1, '2022-05-27 11:59:48', '2022-05-27 11:59:48');
INSERT INTO `order_item` VALUES (1530036017629773826, 1653623987901619894, 1521453234112525716, 1, '2022-05-27 11:59:48', '2022-05-27 11:59:48');
INSERT INTO `order_item` VALUES (1530036017633968130, 1653623987901619894, 1521453234014171788, 1, '2022-05-27 11:59:48', '2022-05-27 11:59:48');
INSERT INTO `order_item` VALUES (1530036472732729346, 1653624096458634699, 1521453234302854772, 1, '2022-05-27 12:01:36', '2022-05-27 12:01:36');
INSERT INTO `order_item` VALUES (1530036473055690754, 1653624096458634699, 1521453234341802563, 1, '2022-05-27 12:01:37', '2022-05-27 12:01:37');
INSERT INTO `order_item` VALUES (1530036473064079362, 1653624096458634699, 1521453234080254153, 1, '2022-05-27 12:01:37', '2022-05-27 12:01:37');
INSERT INTO `order_item` VALUES (1530036473064079363, 1653624096458634699, 1521453234010244706, 1, '2022-05-27 12:01:37', '2022-05-27 12:01:37');
INSERT INTO `order_item` VALUES (1530036473072467969, 1653624096458634699, 1521444078126831767, 1, '2022-05-27 12:01:37', '2022-05-27 12:01:37');
INSERT INTO `order_item` VALUES (1530036473085050881, 1653624096458634699, 1521444078215761303, 1, '2022-05-27 12:01:37', '2022-05-27 12:01:37');
INSERT INTO `order_item` VALUES (1530036573089841154, 1653624120386987509, 1521444078215761303, 3, '2022-05-27 12:02:00', '2022-05-27 12:02:00');
INSERT INTO `order_item` VALUES (1530036573303750657, 1653624120386987509, 1521444078216750661, 3, '2022-05-27 12:02:00', '2022-05-27 12:02:00');
INSERT INTO `order_item` VALUES (1530036573312139266, 1653624120386987509, 1521444078178553564, 2, '2022-05-27 12:02:00', '2022-05-27 12:02:00');
INSERT INTO `order_item` VALUES (1530036573316333570, 1653624120386987509, 1521444078173864823, 2, '2022-05-27 12:02:00', '2022-05-27 12:02:00');
INSERT INTO `order_item` VALUES (1530036573316333571, 1653624120386987509, 1521444078126831767, 1, '2022-05-27 12:02:00', '2022-05-27 12:02:00');
INSERT INTO `order_item` VALUES (1530036696398184450, 1653624149785416062, 1521444078814775026, 1, '2022-05-27 12:02:30', '2022-05-27 12:02:30');
INSERT INTO `order_item` VALUES (1530036696578539521, 1653624149785416062, 1521444078662514641, 1, '2022-05-27 12:02:30', '2022-05-27 12:02:30');
INSERT INTO `order_item` VALUES (1530036696586928130, 1653624149785416062, 1521444078521744832, 1, '2022-05-27 12:02:30', '2022-05-27 12:02:30');
INSERT INTO `order_item` VALUES (1530036696586928131, 1653624149785416062, 1521444078215761303, 3, '2022-05-27 12:02:30', '2022-05-27 12:02:30');
INSERT INTO `order_item` VALUES (1530036696595316738, 1653624149785416062, 1521444078126831767, 3, '2022-05-27 12:02:30', '2022-05-27 12:02:30');
INSERT INTO `order_item` VALUES (1533287607516057601, 1654399227391940769, 1521453234112525716, 1, '2022-06-05 11:20:27', '2022-06-05 11:20:27');
INSERT INTO `order_item` VALUES (1533287607541223426, 1654399227391940769, 1521453234058727446, 1, '2022-06-05 11:20:27', '2022-06-05 11:20:27');
INSERT INTO `order_item` VALUES (1533287607549612033, 1654399227391940769, 1521453234014171788, 1, '2022-06-05 11:20:27', '2022-06-05 11:20:27');

-- ----------------------------
-- Table structure for shopping_cart
-- ----------------------------
DROP TABLE IF EXISTS `shopping_cart`;
CREATE TABLE `shopping_cart`  (
  `id` bigint NOT NULL COMMENT 'id',
  `user_id` bigint NOT NULL COMMENT '用户id',
  `name` varchar(255) CHARACTER SET utf8 COLLATE utf8_general_ci NOT NULL COMMENT '图书名',
  `author` varchar(255) CHARACTER SET utf8 COLLATE utf8_general_ci NULL DEFAULT NULL COMMENT '作者',
  `publisher` varchar(255) CHARACTER SET utf8 COLLATE utf8_general_ci NULL DEFAULT NULL COMMENT '出版社',
  `price` double NULL DEFAULT NULL COMMENT '价格',
  `image_name` varchar(255) CHARACTER SET utf8 COLLATE utf8_general_ci NULL DEFAULT NULL COMMENT '图片路径',
  `description` varchar(255) CHARACTER SET utf8 COLLATE utf8_general_ci NULL DEFAULT NULL COMMENT '图书描述',
  `number` int NOT NULL COMMENT '数量',
  `create_time` datetime NULL DEFAULT NULL COMMENT '创建时间',
  `update_time` datetime NULL DEFAULT NULL COMMENT '修改时间',
  PRIMARY KEY (`id`, `user_id`) USING BTREE,
  INDEX `FK_Reference_1`(`user_id` ASC) USING BTREE,
  CONSTRAINT `FK_Reference_1` FOREIGN KEY (`user_id`) REFERENCES `user` (`id`) ON DELETE RESTRICT ON UPDATE RESTRICT
) ENGINE = InnoDB CHARACTER SET = utf8 COLLATE = utf8_general_ci ROW_FORMAT = DYNAMIC;

-- ----------------------------
-- Records of shopping_cart
-- ----------------------------
INSERT INTO `shopping_cart` VALUES (1521453234021753808, 1521374128490254337, '阿瑟·克拉克科幻短篇全集：爱这个宇宙（全3册）（《三体》作者刘慈欣、特德·姜的偶像，科幻三巨头重磅作品，读客科幻文库）', '阿瑟.克拉克', '文汇出版社', 198, '//img3m7.ddimg.cn/6/15/29218767-1_w_19.jpg', '刘慈欣盛赞：“我所有作品都是对阿瑟·克拉克的拙劣模仿！”全3册收录阿瑟·克拉克104个经典短篇，赠送十二星座书签12枚。像克拉克一样凝视宇宙，直面人类的渺小与伟大。读客熊猫君出品', 1, '2022-06-05 14:49:26', '2022-06-05 14:49:26');
INSERT INTO `shopping_cart` VALUES (1521453234051717237, 1521374128490254337, '克莱因壶（“噩梦体质”日本虚拟现实神作）', '冈岛二人', '化学工业出版社', 40.9, '//img3m2.ddimg.cn/38/36/27933482-1_w_19.jpg', '入围豆瓣图书Top200，豆瓣热门日系推理图书NO.6！日本虚拟现实VR题材开山神作！什么时候，你开始怀疑这个世界是假的？', 1, '2022-06-05 14:49:26', '2022-06-05 14:49:26');

-- ----------------------------
-- Table structure for user
-- ----------------------------
DROP TABLE IF EXISTS `user`;
CREATE TABLE `user`  (
  `id` bigint NOT NULL COMMENT '唯一标识',
  `username` varchar(255) CHARACTER SET utf8 COLLATE utf8_general_ci NOT NULL COMMENT '用户名',
  `password` varchar(255) CHARACTER SET utf8 COLLATE utf8_general_ci NOT NULL COMMENT '密码',
  `phone` char(11) CHARACTER SET utf8 COLLATE utf8_general_ci NOT NULL COMMENT '手机号',
  `email` varchar(255) CHARACTER SET utf8 COLLATE utf8_general_ci NULL DEFAULT NULL COMMENT '电子邮箱',
  `address` varchar(255) CHARACTER SET utf8 COLLATE utf8_general_ci NULL DEFAULT NULL COMMENT '详细地址',
  `status` int NOT NULL DEFAULT 1 COMMENT '用户状态 1正常 0禁用',
  `create_time` datetime NULL DEFAULT NULL COMMENT '创建时间',
  `update_time` datetime NULL DEFAULT NULL COMMENT '更新时间',
  `is_deleted` int NOT NULL DEFAULT 0 COMMENT '逻辑删除字段 1删除 0未删除(默认)',
  `is_admin` int NOT NULL DEFAULT 0 COMMENT '是否是管理员账号 1是 0否',
  PRIMARY KEY (`id`) USING BTREE,
  UNIQUE INDEX `unique_name_key`(`username` ASC) USING BTREE COMMENT '用户名唯一约束',
  UNIQUE INDEX `unique_phone_key`(`phone` ASC) USING BTREE COMMENT '手机号唯一约束',
  INDEX `id`(`id` ASC) USING BTREE
) ENGINE = InnoDB CHARACTER SET = utf8 COLLATE = utf8_general_ci ROW_FORMAT = DYNAMIC;

-- ----------------------------
-- Records of user
-- ----------------------------
INSERT INTO `user` VALUES (1521294872330391553, 'lwy_456', 'e10adc3949ba59abbe56e057f20f883e', '17871456126', '456545645@qq.com', 'xx省xx市xx县xxx村x组xxx号', 1, '2022-05-03 09:05:37', '2022-05-26 14:46:09', 0, 0);
INSERT INTO `user` VALUES (1521294872330391554, 'xcy_123', 'e10adc3949ba59abbe56e057f20f883e', '17871456128', '456545645@qq.com', 'xx省xx市xx县xxx村x组xxx号', 1, '2022-05-03 08:36:38', '2022-05-26 14:45:35', 0, 0);
INSERT INTO `user` VALUES (1521294872330391555, 'administrator', 'e10adc3949ba59abbe56e057f20f883e', '16607214667', '456545645@qq.com', 'xx省xx市xx县xxx村x组xxx号', 1, '2022-05-03 00:00:00', '2022-05-26 14:56:24', 0, 1);
INSERT INTO `user` VALUES (1521374128490254337, 'he_1234', 'e10adc3949ba59abbe56e057f20f883e', '17871456129', '456545645@qq.com', 'xx省xx市xx县xxx村x组xxx号', 1, '2022-05-03 14:20:33', '2022-05-23 16:44:25', 0, 0);
INSERT INTO `user` VALUES (1528316854448201730, '123456', 'e10adc3949ba59abbe56e057f20f883e', '16607214668', '456545645@qq.com', 'xx省xx市xx县xxx村x组xxx号', 1, '2022-05-22 18:08:28', '2022-05-23 16:44:27', 0, 0);
INSERT INTO `user` VALUES (1528317602909167617, '1234567', 'e10adc3949ba59abbe56e057f20f883e', '16607214669', '456545645@qq.com', 'xx省xx市xx县xxx村x组xxx号', 1, '2022-05-22 18:11:26', '2022-05-23 16:44:21', 0, 0);
INSERT INTO `user` VALUES (1528326085595406337, 'he_123', 'e10adc3949ba59abbe56e057f20f883e', '16607214689', '456545645@qq.com', 'xx省xx市xx县xxx村x组xxx号', 1, '2022-05-22 18:45:08', '2022-05-23 16:44:22', 0, 0);
INSERT INTO `user` VALUES (1529717141595488257, 'ks_123', 'e10adc3949ba59abbe56e057f20f883e', '16623598888', '456545645@qq.com', 'xx省xx市xx县xxx村x组xxx号', 1, '2022-05-26 14:52:42', '2022-05-26 14:52:42', 0, 0);
INSERT INTO `user` VALUES (1529717681565990913, 'aaa_123', 'e10adc3949ba59abbe56e057f20f883e', '16632655596', '456545645@qq.com', 'xx省xx市xx县xxx村x组xxx号', 1, '2022-05-26 14:54:51', '2022-05-26 14:54:51', 0, 0);
INSERT INTO `user` VALUES (1529717792438222849, 'bbb_123', 'e10adc3949ba59abbe56e057f20f883e', '16632655556', '456545645@qq.com', 'xx省xx市xx县xxx村x组xxx号', 1, '2022-05-26 14:55:17', '2022-05-26 14:55:17', 0, 0);
INSERT INTO `user` VALUES (1529717932788023298, 'ccc_555', 'e10adc3949ba59abbe56e057f20f883e', '16603556686', '456545645@qq.com', 'xx省xx市xx县xxx村x组xxx号', 1, '2022-05-26 14:55:51', '2022-05-26 14:55:51', 0, 0);
INSERT INTO `user` VALUES (1529719056014249986, 'bbb_111', 'e10adc3949ba59abbe56e057f20f883e', '16632356669', '456545645@qq.com', 'xx省xx市xx县xxx村x组xxx号', 1, '2022-05-26 15:00:18', '2022-05-26 15:00:18', 0, 0);

SET FOREIGN_KEY_CHECKS = 1;
